Death.Month,Age.Group,Sex,Condition,Total.Deaths
1,<18 years,Female (F),C19_Chronic.Liver.Disease_Cirrhosis,0
1,<18 years,Female (F),C19_Chronic.Lower.Resp.Disease,0
1,<18 years,Female (F),C19_Diabetes,0
1,<18 years,Female (F),C19_Hypertensive_MCVD,0
1,<18 years,Female (F),C19_Hypertensive.Disease,0
1,<18 years,Female (F),C19_Kidney.Disease,0
1,<18 years,Female (F),C19_Major.Cardio.Disease,0
1,<18 years,Female (F),C19_Obesity,0
1,<18 years,Female (F),COVID19,0
1,<18 years,Female (F),Diabetes.mc,5
1,<18 years,Female (F),Diabetes.uc,3
1,<18 years,Male (M),C19_Chronic.Liver.Disease_Cirrhosis,0
1,<18 years,Male (M),C19_Chronic.Lower.Resp.Disease,0
1,<18 years,Male (M),C19_Diabetes,0
1,<18 years,Male (M),C19_Hypertensive_MCVD,0
1,<18 years,Male (M),C19_Hypertensive.Disease,0
1,<18 years,Male (M),C19_Kidney.Disease,0
1,<18 years,Male (M),C19_Major.Cardio.Disease,0
1,<18 years,Male (M),C19_Obesity,0
1,<18 years,Male (M),COVID19,0
1,<18 years,Male (M),Diabetes.mc,3
1,<18 years,Male (M),Diabetes.uc,3
1,18-29 years,Female (F),C19_Chronic.Liver.Disease_Cirrhosis,0
1,18-29 years,Female (F),C19_Chronic.Lower.Resp.Disease,0
1,18-29 years,Female (F),C19_Diabetes,0
1,18-29 years,Female (F),C19_Hypertensive_MCVD,0
1,18-29 years,Female (F),C19_Hypertensive.Disease,0
1,18-29 years,Female (F),C19_Kidney.Disease,0
1,18-29 years,Female (F),C19_Major.Cardio.Disease,0
1,18-29 years,Female (F),C19_Obesity,0
1,18-29 years,Female (F),COVID19,0
1,18-29 years,Female (F),Diabetes.mc,36
1,18-29 years,Female (F),Diabetes.uc,20
1,18-29 years,Male (M),C19_Chronic.Liver.Disease_Cirrhosis,0
1,18-29 years,Male (M),C19_Chronic.Lower.Resp.Disease,0
1,18-29 years,Male (M),C19_Diabetes,0
1,18-29 years,Male (M),C19_Hypertensive_MCVD,0
1,18-29 years,Male (M),C19_Hypertensive.Disease,0
1,18-29 years,Male (M),C19_Kidney.Disease,0
1,18-29 years,Male (M),C19_Major.Cardio.Disease,0
1,18-29 years,Male (M),C19_Obesity,0
1,18-29 years,Male (M),COVID19,0
1,18-29 years,Male (M),Diabetes.mc,65
1,18-29 years,Male (M),Diabetes.uc,44
1,30-39 years,Female (F),C19_Chronic.Liver.Disease_Cirrhosis,0
1,30-39 years,Female (F),C19_Chronic.Lower.Resp.Disease,0
1,30-39 years,Female (F),C19_Diabetes,0
1,30-39 years,Female (F),C19_Hypertensive_MCVD,0
1,30-39 years,Female (F),C19_Hypertensive.Disease,0
1,30-39 years,Female (F),C19_Kidney.Disease,0
1,30-39 years,Female (F),C19_Major.Cardio.Disease,0
1,30-39 years,Female (F),C19_Obesity,0
1,30-39 years,Female (F),COVID19,0
1,30-39 years,Female (F),Diabetes.mc,104
1,30-39 years,Female (F),Diabetes.uc,53
1,30-39 years,Male (M),C19_Chronic.Liver.Disease_Cirrhosis,0
1,30-39 years,Male (M),C19_Chronic.Lower.Resp.Disease,0
1,30-39 years,Male (M),C19_Diabetes,0
1,30-39 years,Male (M),C19_Hypertensive_MCVD,0
1,30-39 years,Male (M),C19_Hypertensive.Disease,0
1,30-39 years,Male (M),C19_Kidney.Disease,0
1,30-39 years,Male (M),C19_Major.Cardio.Disease,0
1,30-39 years,Male (M),C19_Obesity,0
1,30-39 years,Male (M),COVID19,0
1,30-39 years,Male (M),Diabetes.mc,161
1,30-39 years,Male (M),Diabetes.uc,79
1,40-49 years,Female (F),C19_Chronic.Liver.Disease_Cirrhosis,0
1,40-49 years,Female (F),C19_Chronic.Lower.Resp.Disease,0
1,40-49 years,Female (F),C19_Diabetes,0
1,40-49 years,Female (F),C19_Hypertensive_MCVD,0
1,40-49 years,Female (F),C19_Hypertensive.Disease,0
1,40-49 years,Female (F),C19_Kidney.Disease,0
1,40-49 years,Female (F),C19_Major.Cardio.Disease,0
1,40-49 years,Female (F),C19_Obesity,0
1,40-49 years,Female (F),COVID19,0
1,40-49 years,Female (F),Diabetes.mc,326
1,40-49 years,Female (F),Diabetes.uc,148
1,40-49 years,Male (M),C19_Chronic.Liver.Disease_Cirrhosis,0
1,40-49 years,Male (M),C19_Chronic.Lower.Resp.Disease,0
1,40-49 years,Male (M),C19_Diabetes,0
1,40-49 years,Male (M),C19_Hypertensive_MCVD,0
1,40-49 years,Male (M),C19_Hypertensive.Disease,0
1,40-49 years,Male (M),C19_Kidney.Disease,0
1,40-49 years,Male (M),C19_Major.Cardio.Disease,0
1,40-49 years,Male (M),C19_Obesity,0
1,40-49 years,Male (M),COVID19,0
1,40-49 years,Male (M),Diabetes.mc,535
1,40-49 years,Male (M),Diabetes.uc,261
1,50-59 years,Female (F),C19_Chronic.Liver.Disease_Cirrhosis,0
1,50-59 years,Female (F),C19_Chronic.Lower.Resp.Disease,0
1,50-59 years,Female (F),C19_Diabetes,0
1,50-59 years,Female (F),C19_Hypertensive_MCVD,0
1,50-59 years,Female (F),C19_Hypertensive.Disease,0
1,50-59 years,Female (F),C19_Kidney.Disease,0
1,50-59 years,Female (F),C19_Major.Cardio.Disease,0
1,50-59 years,Female (F),C19_Obesity,1
1,50-59 years,Female (F),COVID19,1
1,50-59 years,Female (F),Diabetes.mc,969
1,50-59 years,Female (F),Diabetes.uc,365
1,50-59 years,Male (M),C19_Chronic.Liver.Disease_Cirrhosis,0
1,50-59 years,Male (M),C19_Chronic.Lower.Resp.Disease,0
1,50-59 years,Male (M),C19_Diabetes,0
1,50-59 years,Male (M),C19_Hypertensive_MCVD,0
1,50-59 years,Male (M),C19_Hypertensive.Disease,0
1,50-59 years,Male (M),C19_Kidney.Disease,0
1,50-59 years,Male (M),C19_Major.Cardio.Disease,0
1,50-59 years,Male (M),C19_Obesity,0
1,50-59 years,Male (M),COVID19,0
1,50-59 years,Male (M),Diabetes.mc,1669
1,50-59 years,Male (M),Diabetes.uc,620
1,60-69 years,Female (F),C19_Chronic.Liver.Disease_Cirrhosis,0
1,60-69 years,Female (F),C19_Chronic.Lower.Resp.Disease,0
1,60-69 years,Female (F),C19_Diabetes,0
1,60-69 years,Female (F),C19_Hypertensive_MCVD,0
1,60-69 years,Female (F),C19_Hypertensive.Disease,0
1,60-69 years,Female (F),C19_Kidney.Disease,0
1,60-69 years,Female (F),C19_Major.Cardio.Disease,0
1,60-69 years,Female (F),C19_Obesity,0
1,60-69 years,Female (F),COVID19,0
1,60-69 years,Female (F),Diabetes.mc,2120
1,60-69 years,Female (F),Diabetes.uc,733
1,60-69 years,Male (M),C19_Chronic.Liver.Disease_Cirrhosis,0
1,60-69 years,Male (M),C19_Chronic.Lower.Resp.Disease,0
1,60-69 years,Male (M),C19_Diabetes,0
1,60-69 years,Male (M),C19_Hypertensive_MCVD,0
1,60-69 years,Male (M),C19_Hypertensive.Disease,0
1,60-69 years,Male (M),C19_Kidney.Disease,0
1,60-69 years,Male (M),C19_Major.Cardio.Disease,0
1,60-69 years,Male (M),C19_Obesity,0
1,60-69 years,Male (M),COVID19,1
1,60-69 years,Male (M),Diabetes.mc,3374
1,60-69 years,Male (M),Diabetes.uc,1130
1,70-79 years,Female (F),C19_Chronic.Liver.Disease_Cirrhosis,0
1,70-79 years,Female (F),C19_Chronic.Lower.Resp.Disease,0
1,70-79 years,Female (F),C19_Diabetes,0
1,70-79 years,Female (F),C19_Hypertensive_MCVD,1
1,70-79 years,Female (F),C19_Hypertensive.Disease,0
1,70-79 years,Female (F),C19_Kidney.Disease,0
1,70-79 years,Female (F),C19_Major.Cardio.Disease,1
1,70-79 years,Female (F),C19_Obesity,0
1,70-79 years,Female (F),COVID19,2
1,70-79 years,Female (F),Diabetes.mc,3188
1,70-79 years,Female (F),Diabetes.uc,971
1,70-79 years,Male (M),C19_Chronic.Liver.Disease_Cirrhosis,0
1,70-79 years,Male (M),C19_Chronic.Lower.Resp.Disease,0
1,70-79 years,Male (M),C19_Diabetes,0
1,70-79 years,Male (M),C19_Hypertensive_MCVD,0
1,70-79 years,Male (M),C19_Hypertensive.Disease,0
1,70-79 years,Male (M),C19_Kidney.Disease,0
1,70-79 years,Male (M),C19_Major.Cardio.Disease,0
1,70-79 years,Male (M),C19_Obesity,0
1,70-79 years,Male (M),COVID19,0
1,70-79 years,Male (M),Diabetes.mc,4526
1,70-79 years,Male (M),Diabetes.uc,1316
1,80+ years,Female (F),C19_Chronic.Liver.Disease_Cirrhosis,0
1,80+ years,Female (F),C19_Chronic.Lower.Resp.Disease,1
1,80+ years,Female (F),C19_Diabetes,0
1,80+ years,Female (F),C19_Hypertensive_MCVD,0
1,80+ years,Female (F),C19_Hypertensive.Disease,0
1,80+ years,Female (F),C19_Kidney.Disease,0
1,80+ years,Female (F),C19_Major.Cardio.Disease,0
1,80+ years,Female (F),C19_Obesity,0
1,80+ years,Female (F),COVID19,2
1,80+ years,Female (F),Diabetes.mc,5112
1,80+ years,Female (F),Diabetes.uc,1440
1,80+ years,Male (M),C19_Chronic.Liver.Disease_Cirrhosis,0
1,80+ years,Male (M),C19_Chronic.Lower.Resp.Disease,1
1,80+ years,Male (M),C19_Diabetes,0
1,80+ years,Male (M),C19_Hypertensive_MCVD,1
1,80+ years,Male (M),C19_Hypertensive.Disease,1
1,80+ years,Male (M),C19_Kidney.Disease,0
1,80+ years,Male (M),C19_Major.Cardio.Disease,1
1,80+ years,Male (M),C19_Obesity,0
1,80+ years,Male (M),COVID19,1
1,80+ years,Male (M),Diabetes.mc,4856
1,80+ years,Male (M),Diabetes.uc,1289
2,<18 years,Female (F),C19_Chronic.Liver.Disease_Cirrhosis,0
2,<18 years,Female (F),C19_Chronic.Lower.Resp.Disease,0
2,<18 years,Female (F),C19_Diabetes,0
2,<18 years,Female (F),C19_Hypertensive_MCVD,0
2,<18 years,Female (F),C19_Hypertensive.Disease,0
2,<18 years,Female (F),C19_Kidney.Disease,0
2,<18 years,Female (F),C19_Major.Cardio.Disease,0
2,<18 years,Female (F),C19_Obesity,0
2,<18 years,Female (F),COVID19,0
2,<18 years,Female (F),Diabetes.mc,6
2,<18 years,Female (F),Diabetes.uc,4
2,<18 years,Male (M),C19_Chronic.Liver.Disease_Cirrhosis,0
2,<18 years,Male (M),C19_Chronic.Lower.Resp.Disease,0
2,<18 years,Male (M),C19_Diabetes,0
2,<18 years,Male (M),C19_Hypertensive_MCVD,0
2,<18 years,Male (M),C19_Hypertensive.Disease,0
2,<18 years,Male (M),C19_Kidney.Disease,0
2,<18 years,Male (M),C19_Major.Cardio.Disease,0
2,<18 years,Male (M),C19_Obesity,0
2,<18 years,Male (M),COVID19,0
2,<18 years,Male (M),Diabetes.mc,3
2,<18 years,Male (M),Diabetes.uc,2
2,18-29 years,Female (F),C19_Chronic.Liver.Disease_Cirrhosis,0
2,18-29 years,Female (F),C19_Chronic.Lower.Resp.Disease,0
2,18-29 years,Female (F),C19_Diabetes,0
2,18-29 years,Female (F),C19_Hypertensive_MCVD,0
2,18-29 years,Female (F),C19_Hypertensive.Disease,0
2,18-29 years,Female (F),C19_Kidney.Disease,0
2,18-29 years,Female (F),C19_Major.Cardio.Disease,0
2,18-29 years,Female (F),C19_Obesity,0
2,18-29 years,Female (F),COVID19,0
2,18-29 years,Female (F),Diabetes.mc,37
2,18-29 years,Female (F),Diabetes.uc,22
2,18-29 years,Male (M),C19_Chronic.Liver.Disease_Cirrhosis,0
2,18-29 years,Male (M),C19_Chronic.Lower.Resp.Disease,0
2,18-29 years,Male (M),C19_Diabetes,0
2,18-29 years,Male (M),C19_Hypertensive_MCVD,0
2,18-29 years,Male (M),C19_Hypertensive.Disease,0
2,18-29 years,Male (M),C19_Kidney.Disease,0
2,18-29 years,Male (M),C19_Major.Cardio.Disease,0
2,18-29 years,Male (M),C19_Obesity,0
2,18-29 years,Male (M),COVID19,0
2,18-29 years,Male (M),Diabetes.mc,49
2,18-29 years,Male (M),Diabetes.uc,29
2,30-39 years,Female (F),C19_Chronic.Liver.Disease_Cirrhosis,0
2,30-39 years,Female (F),C19_Chronic.Lower.Resp.Disease,0
2,30-39 years,Female (F),C19_Diabetes,1
2,30-39 years,Female (F),C19_Hypertensive_MCVD,1
2,30-39 years,Female (F),C19_Hypertensive.Disease,1
2,30-39 years,Female (F),C19_Kidney.Disease,0
2,30-39 years,Female (F),C19_Major.Cardio.Disease,1
2,30-39 years,Female (F),C19_Obesity,1
2,30-39 years,Female (F),COVID19,2
2,30-39 years,Female (F),Diabetes.mc,102
2,30-39 years,Female (F),Diabetes.uc,46
2,30-39 years,Male (M),C19_Chronic.Liver.Disease_Cirrhosis,0
2,30-39 years,Male (M),C19_Chronic.Lower.Resp.Disease,0
2,30-39 years,Male (M),C19_Diabetes,0
2,30-39 years,Male (M),C19_Hypertensive_MCVD,0
2,30-39 years,Male (M),C19_Hypertensive.Disease,0
2,30-39 years,Male (M),C19_Kidney.Disease,0
2,30-39 years,Male (M),C19_Major.Cardio.Disease,0
2,30-39 years,Male (M),C19_Obesity,0
2,30-39 years,Male (M),COVID19,0
2,30-39 years,Male (M),Diabetes.mc,171
2,30-39 years,Male (M),Diabetes.uc,89
2,40-49 years,Female (F),C19_Chronic.Liver.Disease_Cirrhosis,0
2,40-49 years,Female (F),C19_Chronic.Lower.Resp.Disease,0
2,40-49 years,Female (F),C19_Diabetes,0
2,40-49 years,Female (F),C19_Hypertensive_MCVD,0
2,40-49 years,Female (F),C19_Hypertensive.Disease,0
2,40-49 years,Female (F),C19_Kidney.Disease,0
2,40-49 years,Female (F),C19_Major.Cardio.Disease,0
2,40-49 years,Female (F),C19_Obesity,0
2,40-49 years,Female (F),COVID19,0
2,40-49 years,Female (F),Diabetes.mc,301
2,40-49 years,Female (F),Diabetes.uc,109
2,40-49 years,Male (M),C19_Chronic.Liver.Disease_Cirrhosis,0
2,40-49 years,Male (M),C19_Chronic.Lower.Resp.Disease,0
2,40-49 years,Male (M),C19_Diabetes,0
2,40-49 years,Male (M),C19_Hypertensive_MCVD,0
2,40-49 years,Male (M),C19_Hypertensive.Disease,0
2,40-49 years,Male (M),C19_Kidney.Disease,0
2,40-49 years,Male (M),C19_Major.Cardio.Disease,0
2,40-49 years,Male (M),C19_Obesity,0
2,40-49 years,Male (M),COVID19,0
2,40-49 years,Male (M),Diabetes.mc,478
2,40-49 years,Male (M),Diabetes.uc,211
2,50-59 years,Female (F),C19_Chronic.Liver.Disease_Cirrhosis,0
2,50-59 years,Female (F),C19_Chronic.Lower.Resp.Disease,0
2,50-59 years,Female (F),C19_Diabetes,0
2,50-59 years,Female (F),C19_Hypertensive_MCVD,1
2,50-59 years,Female (F),C19_Hypertensive.Disease,0
2,50-59 years,Female (F),C19_Kidney.Disease,0
2,50-59 years,Female (F),C19_Major.Cardio.Disease,1
2,50-59 years,Female (F),C19_Obesity,1
2,50-59 years,Female (F),COVID19,1
2,50-59 years,Female (F),Diabetes.mc,877
2,50-59 years,Female (F),Diabetes.uc,356
2,50-59 years,Male (M),C19_Chronic.Liver.Disease_Cirrhosis,0
2,50-59 years,Male (M),C19_Chronic.Lower.Resp.Disease,0
2,50-59 years,Male (M),C19_Diabetes,1
2,50-59 years,Male (M),C19_Hypertensive_MCVD,2
2,50-59 years,Male (M),C19_Hypertensive.Disease,1
2,50-59 years,Male (M),C19_Kidney.Disease,0
2,50-59 years,Male (M),C19_Major.Cardio.Disease,2
2,50-59 years,Male (M),C19_Obesity,0
2,50-59 years,Male (M),COVID19,4
2,50-59 years,Male (M),Diabetes.mc,1631
2,50-59 years,Male (M),Diabetes.uc,622
2,60-69 years,Female (F),C19_Chronic.Liver.Disease_Cirrhosis,0
2,60-69 years,Female (F),C19_Chronic.Lower.Resp.Disease,0
2,60-69 years,Female (F),C19_Diabetes,0
2,60-69 years,Female (F),C19_Hypertensive_MCVD,0
2,60-69 years,Female (F),C19_Hypertensive.Disease,0
2,60-69 years,Female (F),C19_Kidney.Disease,0
2,60-69 years,Female (F),C19_Major.Cardio.Disease,0
2,60-69 years,Female (F),C19_Obesity,0
2,60-69 years,Female (F),COVID19,2
2,60-69 years,Female (F),Diabetes.mc,2083
2,60-69 years,Female (F),Diabetes.uc,736
2,60-69 years,Male (M),C19_Chronic.Liver.Disease_Cirrhosis,0
2,60-69 years,Male (M),C19_Chronic.Lower.Resp.Disease,0
2,60-69 years,Male (M),C19_Diabetes,1
2,60-69 years,Male (M),C19_Hypertensive_MCVD,1
2,60-69 years,Male (M),C19_Hypertensive.Disease,1
2,60-69 years,Male (M),C19_Kidney.Disease,0
2,60-69 years,Male (M),C19_Major.Cardio.Disease,1
2,60-69 years,Male (M),C19_Obesity,0
2,60-69 years,Male (M),COVID19,1
2,60-69 years,Male (M),Diabetes.mc,3185
2,60-69 years,Male (M),Diabetes.uc,1129
2,70-79 years,Female (F),C19_Chronic.Liver.Disease_Cirrhosis,0
2,70-79 years,Female (F),C19_Chronic.Lower.Resp.Disease,0
2,70-79 years,Female (F),C19_Diabetes,1
2,70-79 years,Female (F),C19_Hypertensive_MCVD,1
2,70-79 years,Female (F),C19_Hypertensive.Disease,0
2,70-79 years,Female (F),C19_Kidney.Disease,0
2,70-79 years,Female (F),C19_Major.Cardio.Disease,1
2,70-79 years,Female (F),C19_Obesity,0
2,70-79 years,Female (F),COVID19,1
2,70-79 years,Female (F),Diabetes.mc,2983
2,70-79 years,Female (F),Diabetes.uc,929
2,70-79 years,Male (M),C19_Chronic.Liver.Disease_Cirrhosis,0
2,70-79 years,Male (M),C19_Chronic.Lower.Resp.Disease,0
2,70-79 years,Male (M),C19_Diabetes,0
2,70-79 years,Male (M),C19_Hypertensive_MCVD,0
2,70-79 years,Male (M),C19_Hypertensive.Disease,0
2,70-79 years,Male (M),C19_Kidney.Disease,0
2,70-79 years,Male (M),C19_Major.Cardio.Disease,0
2,70-79 years,Male (M),C19_Obesity,0
2,70-79 years,Male (M),COVID19,1
2,70-79 years,Male (M),Diabetes.mc,4127
2,70-79 years,Male (M),Diabetes.uc,1227
2,80+ years,Female (F),C19_Chronic.Liver.Disease_Cirrhosis,0
2,80+ years,Female (F),C19_Chronic.Lower.Resp.Disease,0
2,80+ years,Female (F),C19_Diabetes,0
2,80+ years,Female (F),C19_Hypertensive_MCVD,1
2,80+ years,Female (F),C19_Hypertensive.Disease,1
2,80+ years,Female (F),C19_Kidney.Disease,0
2,80+ years,Female (F),C19_Major.Cardio.Disease,1
2,80+ years,Female (F),C19_Obesity,0
2,80+ years,Female (F),COVID19,3
2,80+ years,Female (F),Diabetes.mc,4765
2,80+ years,Female (F),Diabetes.uc,1270
2,80+ years,Male (M),C19_Chronic.Liver.Disease_Cirrhosis,0
2,80+ years,Male (M),C19_Chronic.Lower.Resp.Disease,1
2,80+ years,Male (M),C19_Diabetes,0
2,80+ years,Male (M),C19_Hypertensive_MCVD,1
2,80+ years,Male (M),C19_Hypertensive.Disease,1
2,80+ years,Male (M),C19_Kidney.Disease,0
2,80+ years,Male (M),C19_Major.Cardio.Disease,1
2,80+ years,Male (M),C19_Obesity,0
2,80+ years,Male (M),COVID19,1
2,80+ years,Male (M),Diabetes.mc,4524
2,80+ years,Male (M),Diabetes.uc,1212
3,<18 years,Female (F),C19_Chronic.Liver.Disease_Cirrhosis,0
3,<18 years,Female (F),C19_Chronic.Lower.Resp.Disease,0
3,<18 years,Female (F),C19_Diabetes,0
3,<18 years,Female (F),C19_Hypertensive_MCVD,0
3,<18 years,Female (F),C19_Hypertensive.Disease,0
3,<18 years,Female (F),C19_Kidney.Disease,0
3,<18 years,Female (F),C19_Major.Cardio.Disease,0
3,<18 years,Female (F),C19_Obesity,0
3,<18 years,Female (F),COVID19,1
3,<18 years,Female (F),Diabetes.mc,1
3,<18 years,Female (F),Diabetes.uc,1
3,<18 years,Male (M),C19_Chronic.Liver.Disease_Cirrhosis,0
3,<18 years,Male (M),C19_Chronic.Lower.Resp.Disease,1
3,<18 years,Male (M),C19_Diabetes,0
3,<18 years,Male (M),C19_Hypertensive_MCVD,2
3,<18 years,Male (M),C19_Hypertensive.Disease,0
3,<18 years,Male (M),C19_Kidney.Disease,0
3,<18 years,Male (M),C19_Major.Cardio.Disease,2
3,<18 years,Male (M),C19_Obesity,1
3,<18 years,Male (M),COVID19,6
3,<18 years,Male (M),Diabetes.mc,2
3,<18 years,Male (M),Diabetes.uc,2
3,18-29 years,Female (F),C19_Chronic.Liver.Disease_Cirrhosis,0
3,18-29 years,Female (F),C19_Chronic.Lower.Resp.Disease,0
3,18-29 years,Female (F),C19_Diabetes,3
3,18-29 years,Female (F),C19_Hypertensive_MCVD,3
3,18-29 years,Female (F),C19_Hypertensive.Disease,1
3,18-29 years,Female (F),C19_Kidney.Disease,1
3,18-29 years,Female (F),C19_Major.Cardio.Disease,3
3,18-29 years,Female (F),C19_Obesity,3
3,18-29 years,Female (F),COVID19,11
3,18-29 years,Female (F),Diabetes.mc,45
3,18-29 years,Female (F),Diabetes.uc,27
3,18-29 years,Male (M),C19_Chronic.Liver.Disease_Cirrhosis,0
3,18-29 years,Male (M),C19_Chronic.Lower.Resp.Disease,2
3,18-29 years,Male (M),C19_Diabetes,6
3,18-29 years,Male (M),C19_Hypertensive_MCVD,12
3,18-29 years,Male (M),C19_Hypertensive.Disease,1
3,18-29 years,Male (M),C19_Kidney.Disease,2
3,18-29 years,Male (M),C19_Major.Cardio.Disease,12
3,18-29 years,Male (M),C19_Obesity,5
3,18-29 years,Male (M),COVID19,35
3,18-29 years,Male (M),Diabetes.mc,52
3,18-29 years,Male (M),Diabetes.uc,35
3,30-39 years,Female (F),C19_Chronic.Liver.Disease_Cirrhosis,2
3,30-39 years,Female (F),C19_Chronic.Lower.Resp.Disease,4
3,30-39 years,Female (F),C19_Diabetes,3
3,30-39 years,Female (F),C19_Hypertensive_MCVD,20
3,30-39 years,Female (F),C19_Hypertensive.Disease,6
3,30-39 years,Female (F),C19_Kidney.Disease,6
3,30-39 years,Female (F),C19_Major.Cardio.Disease,20
3,30-39 years,Female (F),C19_Obesity,9
3,30-39 years,Female (F),COVID19,40
3,30-39 years,Female (F),Diabetes.mc,145
3,30-39 years,Female (F),Diabetes.uc,72
3,30-39 years,Male (M),C19_Chronic.Liver.Disease_Cirrhosis,2
3,30-39 years,Male (M),C19_Chronic.Lower.Resp.Disease,4
3,30-39 years,Male (M),C19_Diabetes,20
3,30-39 years,Male (M),C19_Hypertensive_MCVD,45
3,30-39 years,Male (M),C19_Hypertensive.Disease,16
3,30-39 years,Male (M),C19_Kidney.Disease,12
3,30-39 years,Male (M),C19_Major.Cardio.Disease,45
3,30-39 years,Male (M),C19_Obesity,26
3,30-39 years,Male (M),COVID19,123
3,30-39 years,Male (M),Diabetes.mc,188
3,30-39 years,Male (M),Diabetes.uc,99
3,40-49 years,Female (F),C19_Chronic.Liver.Disease_Cirrhosis,0
3,40-49 years,Female (F),C19_Chronic.Lower.Resp.Disease,10
3,40-49 years,Female (F),C19_Diabetes,16
3,40-49 years,Female (F),C19_Hypertensive_MCVD,40
3,40-49 years,Female (F),C19_Hypertensive.Disease,21
3,40-49 years,Female (F),C19_Kidney.Disease,3
3,40-49 years,Female (F),C19_Major.Cardio.Disease,40
3,40-49 years,Female (F),C19_Obesity,20
3,40-49 years,Female (F),COVID19,94
3,40-49 years,Female (F),Diabetes.mc,354
3,40-49 years,Female (F),Diabetes.uc,129
3,40-49 years,Male (M),C19_Chronic.Liver.Disease_Cirrhosis,6
3,40-49 years,Male (M),C19_Chronic.Lower.Resp.Disease,12
3,40-49 years,Male (M),C19_Diabetes,53
3,40-49 years,Male (M),C19_Hypertensive_MCVD,81
3,40-49 years,Male (M),C19_Hypertensive.Disease,33
3,40-49 years,Male (M),C19_Kidney.Disease,22
3,40-49 years,Male (M),C19_Major.Cardio.Disease,81
3,40-49 years,Male (M),C19_Obesity,24
3,40-49 years,Male (M),COVID19,252
3,40-49 years,Male (M),Diabetes.mc,633
3,40-49 years,Male (M),Diabetes.uc,237
3,50-59 years,Female (F),C19_Chronic.Liver.Disease_Cirrhosis,1
3,50-59 years,Female (F),C19_Chronic.Lower.Resp.Disease,17
3,50-59 years,Female (F),C19_Diabetes,50
3,50-59 years,Female (F),C19_Hypertensive_MCVD,100
3,50-59 years,Female (F),C19_Hypertensive.Disease,47
3,50-59 years,Female (F),C19_Kidney.Disease,16
3,50-59 years,Female (F),C19_Major.Cardio.Disease,100
3,50-59 years,Female (F),C19_Obesity,26
3,50-59 years,Female (F),COVID19,232
3,50-59 years,Female (F),Diabetes.mc,1011
3,50-59 years,Female (F),Diabetes.uc,343
3,50-59 years,Male (M),C19_Chronic.Liver.Disease_Cirrhosis,3
3,50-59 years,Male (M),C19_Chronic.Lower.Resp.Disease,32
3,50-59 years,Male (M),C19_Diabetes,98
3,50-59 years,Male (M),C19_Hypertensive_MCVD,210
3,50-59 years,Male (M),C19_Hypertensive.Disease,95
3,50-59 years,Male (M),C19_Kidney.Disease,44
3,50-59 years,Male (M),C19_Major.Cardio.Disease,210
3,50-59 years,Male (M),C19_Obesity,44
3,50-59 years,Male (M),COVID19,537
3,50-59 years,Male (M),Diabetes.mc,1785
3,50-59 years,Male (M),Diabetes.uc,675
3,60-69 years,Female (F),C19_Chronic.Liver.Disease_Cirrhosis,6
3,60-69 years,Female (F),C19_Chronic.Lower.Resp.Disease,46
3,60-69 years,Female (F),C19_Diabetes,81
3,60-69 years,Female (F),C19_Hypertensive_MCVD,194
3,60-69 years,Female (F),C19_Hypertensive.Disease,100
3,60-69 years,Female (F),C19_Kidney.Disease,38
3,60-69 years,Female (F),C19_Major.Cardio.Disease,194
3,60-69 years,Female (F),C19_Obesity,19
3,60-69 years,Female (F),COVID19,445
3,60-69 years,Female (F),Diabetes.mc,2371
3,60-69 years,Female (F),Diabetes.uc,742
3,60-69 years,Male (M),C19_Chronic.Liver.Disease_Cirrhosis,8
3,60-69 years,Male (M),C19_Chronic.Lower.Resp.Disease,70
3,60-69 years,Male (M),C19_Diabetes,163
3,60-69 years,Male (M),C19_Hypertensive_MCVD,366
3,60-69 years,Male (M),C19_Hypertensive.Disease,181
3,60-69 years,Male (M),C19_Kidney.Disease,84
3,60-69 years,Male (M),C19_Major.Cardio.Disease,366
3,60-69 years,Male (M),C19_Obesity,32
3,60-69 years,Male (M),COVID19,850
3,60-69 years,Male (M),Diabetes.mc,3781
3,60-69 years,Male (M),Diabetes.uc,1207
3,70-79 years,Female (F),C19_Chronic.Liver.Disease_Cirrhosis,3
3,70-79 years,Female (F),C19_Chronic.Lower.Resp.Disease,83
3,70-79 years,Female (F),C19_Diabetes,114
3,70-79 years,Female (F),C19_Hypertensive_MCVD,324
3,70-79 years,Female (F),C19_Hypertensive.Disease,148
3,70-79 years,Female (F),C19_Kidney.Disease,47
3,70-79 years,Female (F),C19_Major.Cardio.Disease,324
3,70-79 years,Female (F),C19_Obesity,19
3,70-79 years,Female (F),COVID19,703
3,70-79 years,Female (F),Diabetes.mc,3410
3,70-79 years,Female (F),Diabetes.uc,1043
3,70-79 years,Male (M),C19_Chronic.Liver.Disease_Cirrhosis,3
3,70-79 years,Male (M),C19_Chronic.Lower.Resp.Disease,92
3,70-79 years,Male (M),C19_Diabetes,166
3,70-79 years,Male (M),C19_Hypertensive_MCVD,510
3,70-79 years,Male (M),C19_Hypertensive.Disease,239
3,70-79 years,Male (M),C19_Kidney.Disease,112
3,70-79 years,Male (M),C19_Major.Cardio.Disease,510
3,70-79 years,Male (M),C19_Obesity,20
3,70-79 years,Male (M),COVID19,1123
3,70-79 years,Male (M),Diabetes.mc,4729
3,70-79 years,Male (M),Diabetes.uc,1359
3,80+ years,Female (F),C19_Chronic.Liver.Disease_Cirrhosis,1
3,80+ years,Female (F),C19_Chronic.Lower.Resp.Disease,118
3,80+ years,Female (F),C19_Diabetes,96
3,80+ years,Female (F),C19_Hypertensive_MCVD,539
3,80+ years,Female (F),C19_Hypertensive.Disease,239
3,80+ years,Female (F),C19_Kidney.Disease,55
3,80+ years,Female (F),C19_Major.Cardio.Disease,539
3,80+ years,Female (F),C19_Obesity,4
3,80+ years,Female (F),COVID19,1234
3,80+ years,Female (F),Diabetes.mc,5480
3,80+ years,Female (F),Diabetes.uc,1434
3,80+ years,Male (M),C19_Chronic.Liver.Disease_Cirrhosis,3
3,80+ years,Male (M),C19_Chronic.Lower.Resp.Disease,125
3,80+ years,Male (M),C19_Diabetes,166
3,80+ years,Male (M),C19_Hypertensive_MCVD,622
3,80+ years,Male (M),C19_Hypertensive.Disease,284
3,80+ years,Male (M),C19_Kidney.Disease,90
3,80+ years,Male (M),C19_Major.Cardio.Disease,622
3,80+ years,Male (M),C19_Obesity,6
3,80+ years,Male (M),COVID19,1395
3,80+ years,Male (M),Diabetes.mc,5194
3,80+ years,Male (M),Diabetes.uc,1281
4,<18 years,Female (F),C19_Chronic.Liver.Disease_Cirrhosis,0
4,<18 years,Female (F),C19_Chronic.Lower.Resp.Disease,3
4,<18 years,Female (F),C19_Diabetes,0
4,<18 years,Female (F),C19_Hypertensive_MCVD,3
4,<18 years,Female (F),C19_Hypertensive.Disease,0
4,<18 years,Female (F),C19_Kidney.Disease,0
4,<18 years,Female (F),C19_Major.Cardio.Disease,3
4,<18 years,Female (F),C19_Obesity,2
4,<18 years,Female (F),COVID19,9
4,<18 years,Female (F),Diabetes.mc,6
4,<18 years,Female (F),Diabetes.uc,5
4,<18 years,Male (M),C19_Chronic.Liver.Disease_Cirrhosis,0
4,<18 years,Male (M),C19_Chronic.Lower.Resp.Disease,0
4,<18 years,Male (M),C19_Diabetes,1
4,<18 years,Male (M),C19_Hypertensive_MCVD,1
4,<18 years,Male (M),C19_Hypertensive.Disease,0
4,<18 years,Male (M),C19_Kidney.Disease,0
4,<18 years,Male (M),C19_Major.Cardio.Disease,1
4,<18 years,Male (M),C19_Obesity,1
4,<18 years,Male (M),COVID19,7
4,<18 years,Male (M),Diabetes.mc,5
4,<18 years,Male (M),Diabetes.uc,4
4,18-29 years,Female (F),C19_Chronic.Liver.Disease_Cirrhosis,0
4,18-29 years,Female (F),C19_Chronic.Lower.Resp.Disease,4
4,18-29 years,Female (F),C19_Diabetes,5
4,18-29 years,Female (F),C19_Hypertensive_MCVD,25
4,18-29 years,Female (F),C19_Hypertensive.Disease,6
4,18-29 years,Female (F),C19_Kidney.Disease,6
4,18-29 years,Female (F),C19_Major.Cardio.Disease,25
4,18-29 years,Female (F),C19_Obesity,15
4,18-29 years,Female (F),COVID19,76
4,18-29 years,Female (F),Diabetes.mc,40
4,18-29 years,Female (F),Diabetes.uc,21
4,18-29 years,Male (M),C19_Chronic.Liver.Disease_Cirrhosis,0
4,18-29 years,Male (M),C19_Chronic.Lower.Resp.Disease,11
4,18-29 years,Male (M),C19_Diabetes,17
4,18-29 years,Male (M),C19_Hypertensive_MCVD,47
4,18-29 years,Male (M),C19_Hypertensive.Disease,9
4,18-29 years,Male (M),C19_Kidney.Disease,13
4,18-29 years,Male (M),C19_Major.Cardio.Disease,47
4,18-29 years,Male (M),C19_Obesity,31
4,18-29 years,Male (M),COVID19,146
4,18-29 years,Male (M),Diabetes.mc,77
4,18-29 years,Male (M),Diabetes.uc,42
4,30-39 years,Female (F),C19_Chronic.Liver.Disease_Cirrhosis,3
4,30-39 years,Female (F),C19_Chronic.Lower.Resp.Disease,13
4,30-39 years,Female (F),C19_Diabetes,32
4,30-39 years,Female (F),C19_Hypertensive_MCVD,68
4,30-39 years,Female (F),C19_Hypertensive.Disease,23
4,30-39 years,Female (F),C19_Kidney.Disease,10
4,30-39 years,Female (F),C19_Major.Cardio.Disease,68
4,30-39 years,Female (F),C19_Obesity,36
4,30-39 years,Female (F),COVID19,190
4,30-39 years,Female (F),Diabetes.mc,138
4,30-39 years,Female (F),Diabetes.uc,55
4,30-39 years,Male (M),C19_Chronic.Liver.Disease_Cirrhosis,11
4,30-39 years,Male (M),C19_Chronic.Lower.Resp.Disease,22
4,30-39 years,Male (M),C19_Diabetes,73
4,30-39 years,Male (M),C19_Hypertensive_MCVD,162
4,30-39 years,Male (M),C19_Hypertensive.Disease,53
4,30-39 years,Male (M),C19_Kidney.Disease,37
4,30-39 years,Male (M),C19_Major.Cardio.Disease,162
4,30-39 years,Male (M),C19_Obesity,89
4,30-39 years,Male (M),COVID19,487
4,30-39 years,Male (M),Diabetes.mc,254
4,30-39 years,Male (M),Diabetes.uc,96
4,40-49 years,Female (F),C19_Chronic.Liver.Disease_Cirrhosis,3
4,40-49 years,Female (F),C19_Chronic.Lower.Resp.Disease,34
4,40-49 years,Female (F),C19_Diabetes,108
4,40-49 years,Female (F),C19_Hypertensive_MCVD,180
4,40-49 years,Female (F),C19_Hypertensive.Disease,75
4,40-49 years,Female (F),C19_Kidney.Disease,52
4,40-49 years,Female (F),C19_Major.Cardio.Disease,180
4,40-49 years,Female (F),C19_Obesity,70
4,40-49 years,Female (F),COVID19,519
4,40-49 years,Female (F),Diabetes.mc,453
4,40-49 years,Female (F),Diabetes.uc,130
4,40-49 years,Male (M),C19_Chronic.Liver.Disease_Cirrhosis,15
4,40-49 years,Male (M),C19_Chronic.Lower.Resp.Disease,39
4,40-49 years,Male (M),C19_Diabetes,233
4,40-49 years,Male (M),C19_Hypertensive_MCVD,504
4,40-49 years,Male (M),C19_Hypertensive.Disease,212
4,40-49 years,Male (M),C19_Kidney.Disease,112
4,40-49 years,Male (M),C19_Major.Cardio.Disease,504
4,40-49 years,Male (M),C19_Obesity,165
4,40-49 years,Male (M),COVID19,1284
4,40-49 years,Male (M),Diabetes.mc,851
4,40-49 years,Male (M),Diabetes.uc,291
4,50-59 years,Female (F),C19_Chronic.Liver.Disease_Cirrhosis,17
4,50-59 years,Female (F),C19_Chronic.Lower.Resp.Disease,125
4,50-59 years,Female (F),C19_Diabetes,290
4,50-59 years,Female (F),C19_Hypertensive_MCVD,583
4,50-59 years,Female (F),C19_Hypertensive.Disease,267
4,50-59 years,Female (F),C19_Kidney.Disease,125
4,50-59 years,Female (F),C19_Major.Cardio.Disease,583
4,50-59 years,Female (F),C19_Obesity,143
4,50-59 years,Female (F),COVID19,1480
4,50-59 years,Female (F),Diabetes.mc,1311
4,50-59 years,Female (F),Diabetes.uc,388
4,50-59 years,Male (M),C19_Chronic.Liver.Disease_Cirrhosis,29
4,50-59 years,Male (M),C19_Chronic.Lower.Resp.Disease,138
4,50-59 years,Male (M),C19_Diabetes,628
4,50-59 years,Male (M),C19_Hypertensive_MCVD,1366
4,50-59 years,Male (M),C19_Hypertensive.Disease,589
4,50-59 years,Male (M),C19_Kidney.Disease,285
4,50-59 years,Male (M),C19_Major.Cardio.Disease,1366
4,50-59 years,Male (M),C19_Obesity,196
4,50-59 years,Male (M),COVID19,3335
4,50-59 years,Male (M),Diabetes.mc,2391
4,50-59 years,Male (M),Diabetes.uc,716
4,60-69 years,Female (F),C19_Chronic.Liver.Disease_Cirrhosis,32
4,60-69 years,Female (F),C19_Chronic.Lower.Resp.Disease,373
4,60-69 years,Female (F),C19_Diabetes,702
4,60-69 years,Female (F),C19_Hypertensive_MCVD,1539
4,60-69 years,Female (F),C19_Hypertensive.Disease,740
4,60-69 years,Female (F),C19_Kidney.Disease,297
4,60-69 years,Female (F),C19_Major.Cardio.Disease,1539
4,60-69 years,Female (F),C19_Obesity,227
4,60-69 years,Female (F),COVID19,3589
4,60-69 years,Female (F),Diabetes.mc,2858
4,60-69 years,Female (F),Diabetes.uc,787
4,60-69 years,Male (M),C19_Chronic.Liver.Disease_Cirrhosis,63
4,60-69 years,Male (M),C19_Chronic.Lower.Resp.Disease,406
4,60-69 years,Male (M),C19_Diabetes,1213
4,60-69 years,Male (M),C19_Hypertensive_MCVD,2905
4,60-69 years,Male (M),C19_Hypertensive.Disease,1369
4,60-69 years,Male (M),C19_Kidney.Disease,644
4,60-69 years,Male (M),C19_Major.Cardio.Disease,2905
4,60-69 years,Male (M),C19_Obesity,205
4,60-69 years,Male (M),COVID19,6743
4,60-69 years,Male (M),Diabetes.mc,4788
4,60-69 years,Male (M),Diabetes.uc,1224
4,70-79 years,Female (F),C19_Chronic.Liver.Disease_Cirrhosis,29
4,70-79 years,Female (F),C19_Chronic.Lower.Resp.Disease,625
4,70-79 years,Female (F),C19_Diabetes,1060
4,70-79 years,Female (F),C19_Hypertensive_MCVD,2745
4,70-79 years,Female (F),C19_Hypertensive.Disease,1319
4,70-79 years,Female (F),C19_Kidney.Disease,420
4,70-79 years,Female (F),C19_Major.Cardio.Disease,2745
4,70-79 years,Female (F),C19_Obesity,172
4,70-79 years,Female (F),COVID19,6143
4,70-79 years,Female (F),Diabetes.mc,4427
4,70-79 years,Female (F),Diabetes.uc,1091
4,70-79 years,Male (M),C19_Chronic.Liver.Disease_Cirrhosis,40
4,70-79 years,Male (M),C19_Chronic.Lower.Resp.Disease,714
4,70-79 years,Male (M),C19_Diabetes,1500
4,70-79 years,Male (M),C19_Hypertensive_MCVD,4146
4,70-79 years,Male (M),C19_Hypertensive.Disease,1949
4,70-79 years,Male (M),C19_Kidney.Disease,824
4,70-79 years,Male (M),C19_Major.Cardio.Disease,4146
4,70-79 years,Male (M),C19_Obesity,139
4,70-79 years,Male (M),COVID19,9091
4,70-79 years,Male (M),Diabetes.mc,6160
4,70-79 years,Male (M),Diabetes.uc,1430
4,80+ years,Female (F),C19_Chronic.Liver.Disease_Cirrhosis,25
4,80+ years,Female (F),C19_Chronic.Lower.Resp.Disease,1094
4,80+ years,Female (F),C19_Diabetes,1521
4,80+ years,Female (F),C19_Hypertensive_MCVD,7001
4,80+ years,Female (F),C19_Hypertensive.Disease,3274
4,80+ years,Female (F),C19_Kidney.Disease,806
4,80+ years,Female (F),C19_Major.Cardio.Disease,7001
4,80+ years,Female (F),C19_Obesity,100
4,80+ years,Female (F),COVID19,15882
4,80+ years,Female (F),Diabetes.mc,7200
4,80+ years,Female (F),Diabetes.uc,1569
4,80+ years,Male (M),C19_Chronic.Liver.Disease_Cirrhosis,21
4,80+ years,Male (M),C19_Chronic.Lower.Resp.Disease,943
4,80+ years,Male (M),C19_Diabetes,1516
4,80+ years,Male (M),C19_Hypertensive_MCVD,5924
4,80+ years,Male (M),C19_Hypertensive.Disease,2698
4,80+ years,Male (M),C19_Kidney.Disease,957
4,80+ years,Male (M),C19_Major.Cardio.Disease,5924
4,80+ years,Male (M),C19_Obesity,49
4,80+ years,Male (M),COVID19,12706
4,80+ years,Male (M),Diabetes.mc,6590
4,80+ years,Male (M),Diabetes.uc,1379
5,<18 years,Female (F),C19_Chronic.Liver.Disease_Cirrhosis,0
5,<18 years,Female (F),C19_Chronic.Lower.Resp.Disease,0
5,<18 years,Female (F),C19_Diabetes,0
5,<18 years,Female (F),C19_Hypertensive_MCVD,1
5,<18 years,Female (F),C19_Hypertensive.Disease,0
5,<18 years,Female (F),C19_Kidney.Disease,0
5,<18 years,Female (F),C19_Major.Cardio.Disease,1
5,<18 years,Female (F),C19_Obesity,0
5,<18 years,Female (F),COVID19,6
5,<18 years,Female (F),Diabetes.mc,5
5,<18 years,Female (F),Diabetes.uc,3
5,<18 years,Male (M),C19_Chronic.Liver.Disease_Cirrhosis,0
5,<18 years,Male (M),C19_Chronic.Lower.Resp.Disease,1
5,<18 years,Male (M),C19_Diabetes,0
5,<18 years,Male (M),C19_Hypertensive_MCVD,3
5,<18 years,Male (M),C19_Hypertensive.Disease,0
5,<18 years,Male (M),C19_Kidney.Disease,0
5,<18 years,Male (M),C19_Major.Cardio.Disease,3
5,<18 years,Male (M),C19_Obesity,0
5,<18 years,Male (M),COVID19,12
5,<18 years,Male (M),Diabetes.mc,9
5,<18 years,Male (M),Diabetes.uc,6
5,18-29 years,Female (F),C19_Chronic.Liver.Disease_Cirrhosis,0
5,18-29 years,Female (F),C19_Chronic.Lower.Resp.Disease,0
5,18-29 years,Female (F),C19_Diabetes,4
5,18-29 years,Female (F),C19_Hypertensive_MCVD,11
5,18-29 years,Female (F),C19_Hypertensive.Disease,2
5,18-29 years,Female (F),C19_Kidney.Disease,4
5,18-29 years,Female (F),C19_Major.Cardio.Disease,11
5,18-29 years,Female (F),C19_Obesity,6
5,18-29 years,Female (F),COVID19,37
5,18-29 years,Female (F),Diabetes.mc,37
5,18-29 years,Female (F),Diabetes.uc,19
5,18-29 years,Male (M),C19_Chronic.Liver.Disease_Cirrhosis,3
5,18-29 years,Male (M),C19_Chronic.Lower.Resp.Disease,2
5,18-29 years,Male (M),C19_Diabetes,9
5,18-29 years,Male (M),C19_Hypertensive_MCVD,25
5,18-29 years,Male (M),C19_Hypertensive.Disease,5
5,18-29 years,Male (M),C19_Kidney.Disease,4
5,18-29 years,Male (M),C19_Major.Cardio.Disease,25
5,18-29 years,Male (M),C19_Obesity,16
5,18-29 years,Male (M),COVID19,86
5,18-29 years,Male (M),Diabetes.mc,60
5,18-29 years,Male (M),Diabetes.uc,34
5,30-39 years,Female (F),C19_Chronic.Liver.Disease_Cirrhosis,1
5,30-39 years,Female (F),C19_Chronic.Lower.Resp.Disease,6
5,30-39 years,Female (F),C19_Diabetes,17
5,30-39 years,Female (F),C19_Hypertensive_MCVD,41
5,30-39 years,Female (F),C19_Hypertensive.Disease,12
5,30-39 years,Female (F),C19_Kidney.Disease,9
5,30-39 years,Female (F),C19_Major.Cardio.Disease,41
5,30-39 years,Female (F),C19_Obesity,31
5,30-39 years,Female (F),COVID19,102
5,30-39 years,Female (F),Diabetes.mc,125
5,30-39 years,Female (F),Diabetes.uc,54
5,30-39 years,Male (M),C19_Chronic.Liver.Disease_Cirrhosis,8
5,30-39 years,Male (M),C19_Chronic.Lower.Resp.Disease,9
5,30-39 years,Male (M),C19_Diabetes,33
5,30-39 years,Male (M),C19_Hypertensive_MCVD,71
5,30-39 years,Male (M),C19_Hypertensive.Disease,24
5,30-39 years,Male (M),C19_Kidney.Disease,21
5,30-39 years,Male (M),C19_Major.Cardio.Disease,71
5,30-39 years,Male (M),C19_Obesity,45
5,30-39 years,Male (M),COVID19,250
5,30-39 years,Male (M),Diabetes.mc,215
5,30-39 years,Male (M),Diabetes.uc,103
5,40-49 years,Female (F),C19_Chronic.Liver.Disease_Cirrhosis,6
5,40-49 years,Female (F),C19_Chronic.Lower.Resp.Disease,23
5,40-49 years,Female (F),C19_Diabetes,53
5,40-49 years,Female (F),C19_Hypertensive_MCVD,104
5,40-49 years,Female (F),C19_Hypertensive.Disease,46
5,40-49 years,Female (F),C19_Kidney.Disease,25
5,40-49 years,Female (F),C19_Major.Cardio.Disease,104
5,40-49 years,Female (F),C19_Obesity,45
5,40-49 years,Female (F),COVID19,286
5,40-49 years,Female (F),Diabetes.mc,402
5,40-49 years,Female (F),Diabetes.uc,132
5,40-49 years,Male (M),C19_Chronic.Liver.Disease_Cirrhosis,6
5,40-49 years,Male (M),C19_Chronic.Lower.Resp.Disease,22
5,40-49 years,Male (M),C19_Diabetes,131
5,40-49 years,Male (M),C19_Hypertensive_MCVD,247
5,40-49 years,Male (M),C19_Hypertensive.Disease,111
5,40-49 years,Male (M),C19_Kidney.Disease,69
5,40-49 years,Male (M),C19_Major.Cardio.Disease,247
5,40-49 years,Male (M),C19_Obesity,88
5,40-49 years,Male (M),COVID19,686
5,40-49 years,Male (M),Diabetes.mc,694
5,40-49 years,Male (M),Diabetes.uc,247
5,50-59 years,Female (F),C19_Chronic.Liver.Disease_Cirrhosis,29
5,50-59 years,Female (F),C19_Chronic.Lower.Resp.Disease,87
5,50-59 years,Female (F),C19_Diabetes,178
5,50-59 years,Female (F),C19_Hypertensive_MCVD,373
5,50-59 years,Female (F),C19_Hypertensive.Disease,169
5,50-59 years,Female (F),C19_Kidney.Disease,83
5,50-59 years,Female (F),C19_Major.Cardio.Disease,373
5,50-59 years,Female (F),C19_Obesity,87
5,50-59 years,Female (F),COVID19,852
5,50-59 years,Female (F),Diabetes.mc,1086
5,50-59 years,Female (F),Diabetes.uc,356
5,50-59 years,Male (M),C19_Chronic.Liver.Disease_Cirrhosis,48
5,50-59 years,Male (M),C19_Chronic.Lower.Resp.Disease,72
5,50-59 years,Male (M),C19_Diabetes,336
5,50-59 years,Male (M),C19_Hypertensive_MCVD,787
5,50-59 years,Male (M),C19_Hypertensive.Disease,342
5,50-59 years,Male (M),C19_Kidney.Disease,208
5,50-59 years,Male (M),C19_Major.Cardio.Disease,787
5,50-59 years,Male (M),C19_Obesity,125
5,50-59 years,Male (M),COVID19,1792
5,50-59 years,Male (M),Diabetes.mc,1951
5,50-59 years,Male (M),Diabetes.uc,627
5,60-69 years,Female (F),C19_Chronic.Liver.Disease_Cirrhosis,38
5,60-69 years,Female (F),C19_Chronic.Lower.Resp.Disease,253
5,60-69 years,Female (F),C19_Diabetes,419
5,60-69 years,Female (F),C19_Hypertensive_MCVD,950
5,60-69 years,Female (F),C19_Hypertensive.Disease,448
5,60-69 years,Female (F),C19_Kidney.Disease,177
5,60-69 years,Female (F),C19_Major.Cardio.Disease,950
5,60-69 years,Female (F),C19_Obesity,141
5,60-69 years,Female (F),COVID19,2117
5,60-69 years,Female (F),Diabetes.mc,2394
5,60-69 years,Female (F),Diabetes.uc,685
5,60-69 years,Male (M),C19_Chronic.Liver.Disease_Cirrhosis,60
5,60-69 years,Male (M),C19_Chronic.Lower.Resp.Disease,292
5,60-69 years,Male (M),C19_Diabetes,668
5,60-69 years,Male (M),C19_Hypertensive_MCVD,1638
5,60-69 years,Male (M),C19_Hypertensive.Disease,746
5,60-69 years,Male (M),C19_Kidney.Disease,382
5,60-69 years,Male (M),C19_Major.Cardio.Disease,1638
5,60-69 years,Male (M),C19_Obesity,114
5,60-69 years,Male (M),COVID19,3652
5,60-69 years,Male (M),Diabetes.mc,3931
5,60-69 years,Male (M),Diabetes.uc,1120
5,70-79 years,Female (F),C19_Chronic.Liver.Disease_Cirrhosis,19
5,70-79 years,Female (F),C19_Chronic.Lower.Resp.Disease,404
5,70-79 years,Female (F),C19_Diabetes,581
5,70-79 years,Female (F),C19_Hypertensive_MCVD,1583
5,70-79 years,Female (F),C19_Hypertensive.Disease,730
5,70-79 years,Female (F),C19_Kidney.Disease,278
5,70-79 years,Female (F),C19_Major.Cardio.Disease,1583
5,70-79 years,Female (F),C19_Obesity,89
5,70-79 years,Female (F),COVID19,3548
5,70-79 years,Female (F),Diabetes.mc,3625
5,70-79 years,Female (F),Diabetes.uc,934
5,70-79 years,Male (M),C19_Chronic.Liver.Disease_Cirrhosis,48
5,70-79 years,Male (M),C19_Chronic.Lower.Resp.Disease,474
5,70-79 years,Male (M),C19_Diabetes,846
5,70-79 years,Male (M),C19_Hypertensive_MCVD,2276
5,70-79 years,Male (M),C19_Hypertensive.Disease,1041
5,70-79 years,Male (M),C19_Kidney.Disease,516
5,70-79 years,Male (M),C19_Major.Cardio.Disease,2276
5,70-79 years,Male (M),C19_Obesity,96
5,70-79 years,Male (M),COVID19,4826
5,70-79 years,Male (M),Diabetes.mc,4909
5,70-79 years,Male (M),Diabetes.uc,1190
5,80+ years,Female (F),C19_Chronic.Liver.Disease_Cirrhosis,21
5,80+ years,Female (F),C19_Chronic.Lower.Resp.Disease,844
5,80+ years,Female (F),C19_Diabetes,1095
5,80+ years,Female (F),C19_Hypertensive_MCVD,4964
5,80+ years,Female (F),C19_Hypertensive.Disease,2337
5,80+ years,Female (F),C19_Kidney.Disease,615
5,80+ years,Female (F),C19_Major.Cardio.Disease,4964
5,80+ years,Female (F),C19_Obesity,69
5,80+ years,Female (F),COVID19,10778
5,80+ years,Female (F),Diabetes.mc,5840
5,80+ years,Female (F),Diabetes.uc,1326
5,80+ years,Male (M),C19_Chronic.Liver.Disease_Cirrhosis,9
5,80+ years,Male (M),C19_Chronic.Lower.Resp.Disease,648
5,80+ years,Male (M),C19_Diabetes,868
5,80+ years,Male (M),C19_Hypertensive_MCVD,3445
5,80+ years,Male (M),C19_Hypertensive.Disease,1572
5,80+ years,Male (M),C19_Kidney.Disease,578
5,80+ years,Male (M),C19_Major.Cardio.Disease,3445
5,80+ years,Male (M),C19_Obesity,31
5,80+ years,Male (M),COVID19,6958
5,80+ years,Male (M),Diabetes.mc,5112
5,80+ years,Male (M),Diabetes.uc,1117
6,<18 years,Female (F),C19_Chronic.Liver.Disease_Cirrhosis,0
6,<18 years,Female (F),C19_Chronic.Lower.Resp.Disease,1
6,<18 years,Female (F),C19_Diabetes,0
6,<18 years,Female (F),C19_Hypertensive_MCVD,0
6,<18 years,Female (F),C19_Hypertensive.Disease,0
6,<18 years,Female (F),C19_Kidney.Disease,0
6,<18 years,Female (F),C19_Major.Cardio.Disease,0
6,<18 years,Female (F),C19_Obesity,1
6,<18 years,Female (F),COVID19,7
6,<18 years,Female (F),Diabetes.mc,6
6,<18 years,Female (F),Diabetes.uc,4
6,<18 years,Male (M),C19_Chronic.Liver.Disease_Cirrhosis,0
6,<18 years,Male (M),C19_Chronic.Lower.Resp.Disease,0
6,<18 years,Male (M),C19_Diabetes,0
6,<18 years,Male (M),C19_Hypertensive_MCVD,4
6,<18 years,Male (M),C19_Hypertensive.Disease,0
6,<18 years,Male (M),C19_Kidney.Disease,1
6,<18 years,Male (M),C19_Major.Cardio.Disease,4
6,<18 years,Male (M),C19_Obesity,1
6,<18 years,Male (M),COVID19,11
6,<18 years,Male (M),Diabetes.mc,6
6,<18 years,Male (M),Diabetes.uc,3
6,18-29 years,Female (F),C19_Chronic.Liver.Disease_Cirrhosis,0
6,18-29 years,Female (F),C19_Chronic.Lower.Resp.Disease,2
6,18-29 years,Female (F),C19_Diabetes,7
6,18-29 years,Female (F),C19_Hypertensive_MCVD,9
6,18-29 years,Female (F),C19_Hypertensive.Disease,1
6,18-29 years,Female (F),C19_Kidney.Disease,0
6,18-29 years,Female (F),C19_Major.Cardio.Disease,9
6,18-29 years,Female (F),C19_Obesity,12
6,18-29 years,Female (F),COVID19,43
6,18-29 years,Female (F),Diabetes.mc,35
6,18-29 years,Female (F),Diabetes.uc,15
6,18-29 years,Male (M),C19_Chronic.Liver.Disease_Cirrhosis,2
6,18-29 years,Male (M),C19_Chronic.Lower.Resp.Disease,7
6,18-29 years,Male (M),C19_Diabetes,4
6,18-29 years,Male (M),C19_Hypertensive_MCVD,14
6,18-29 years,Male (M),C19_Hypertensive.Disease,3
6,18-29 years,Male (M),C19_Kidney.Disease,4
6,18-29 years,Male (M),C19_Major.Cardio.Disease,14
6,18-29 years,Male (M),C19_Obesity,13
6,18-29 years,Male (M),COVID19,58
6,18-29 years,Male (M),Diabetes.mc,55
6,18-29 years,Male (M),Diabetes.uc,34
6,30-39 years,Female (F),C19_Chronic.Liver.Disease_Cirrhosis,6
6,30-39 years,Female (F),C19_Chronic.Lower.Resp.Disease,2
6,30-39 years,Female (F),C19_Diabetes,18
6,30-39 years,Female (F),C19_Hypertensive_MCVD,32
6,30-39 years,Female (F),C19_Hypertensive.Disease,4
6,30-39 years,Female (F),C19_Kidney.Disease,8
6,30-39 years,Female (F),C19_Major.Cardio.Disease,32
6,30-39 years,Female (F),C19_Obesity,29
6,30-39 years,Female (F),COVID19,101
6,30-39 years,Female (F),Diabetes.mc,123
6,30-39 years,Female (F),Diabetes.uc,58
6,30-39 years,Male (M),C19_Chronic.Liver.Disease_Cirrhosis,4
6,30-39 years,Male (M),C19_Chronic.Lower.Resp.Disease,5
6,30-39 years,Male (M),C19_Diabetes,32
6,30-39 years,Male (M),C19_Hypertensive_MCVD,66
6,30-39 years,Male (M),C19_Hypertensive.Disease,25
6,30-39 years,Male (M),C19_Kidney.Disease,17
6,30-39 years,Male (M),C19_Major.Cardio.Disease,66
6,30-39 years,Male (M),C19_Obesity,40
6,30-39 years,Male (M),COVID19,184
6,30-39 years,Male (M),Diabetes.mc,199
6,30-39 years,Male (M),Diabetes.uc,83
6,40-49 years,Female (F),C19_Chronic.Liver.Disease_Cirrhosis,8
6,40-49 years,Female (F),C19_Chronic.Lower.Resp.Disease,11
6,40-49 years,Female (F),C19_Diabetes,48
6,40-49 years,Female (F),C19_Hypertensive_MCVD,85
6,40-49 years,Female (F),C19_Hypertensive.Disease,32
6,40-49 years,Female (F),C19_Kidney.Disease,24
6,40-49 years,Female (F),C19_Major.Cardio.Disease,85
6,40-49 years,Female (F),C19_Obesity,42
6,40-49 years,Female (F),COVID19,214
6,40-49 years,Female (F),Diabetes.mc,363
6,40-49 years,Female (F),Diabetes.uc,120
6,40-49 years,Male (M),C19_Chronic.Liver.Disease_Cirrhosis,7
6,40-49 years,Male (M),C19_Chronic.Lower.Resp.Disease,12
6,40-49 years,Male (M),C19_Diabetes,84
6,40-49 years,Male (M),C19_Hypertensive_MCVD,172
6,40-49 years,Male (M),C19_Hypertensive.Disease,73
6,40-49 years,Male (M),C19_Kidney.Disease,45
6,40-49 years,Male (M),C19_Major.Cardio.Disease,172
6,40-49 years,Male (M),C19_Obesity,70
6,40-49 years,Male (M),COVID19,461
6,40-49 years,Male (M),Diabetes.mc,598
6,40-49 years,Male (M),Diabetes.uc,224
6,50-59 years,Female (F),C19_Chronic.Liver.Disease_Cirrhosis,13
6,50-59 years,Female (F),C19_Chronic.Lower.Resp.Disease,47
6,50-59 years,Female (F),C19_Diabetes,138
6,50-59 years,Female (F),C19_Hypertensive_MCVD,260
6,50-59 years,Female (F),C19_Hypertensive.Disease,111
6,50-59 years,Female (F),C19_Kidney.Disease,58
6,50-59 years,Female (F),C19_Major.Cardio.Disease,260
6,50-59 years,Female (F),C19_Obesity,62
6,50-59 years,Female (F),COVID19,577
6,50-59 years,Female (F),Diabetes.mc,1028
6,50-59 years,Female (F),Diabetes.uc,332
6,50-59 years,Male (M),C19_Chronic.Liver.Disease_Cirrhosis,40
6,50-59 years,Male (M),C19_Chronic.Lower.Resp.Disease,37
6,50-59 years,Male (M),C19_Diabetes,237
6,50-59 years,Male (M),C19_Hypertensive_MCVD,455
6,50-59 years,Male (M),C19_Hypertensive.Disease,201
6,50-59 years,Male (M),C19_Kidney.Disease,130
6,50-59 years,Male (M),C19_Major.Cardio.Disease,455
6,50-59 years,Male (M),C19_Obesity,92
6,50-59 years,Male (M),COVID19,1087
6,50-59 years,Male (M),Diabetes.mc,1834
6,50-59 years,Male (M),Diabetes.uc,581
6,60-69 years,Female (F),C19_Chronic.Liver.Disease_Cirrhosis,25
6,60-69 years,Female (F),C19_Chronic.Lower.Resp.Disease,115
6,60-69 years,Female (F),C19_Diabetes,266
6,60-69 years,Female (F),C19_Hypertensive_MCVD,504
6,60-69 years,Female (F),C19_Hypertensive.Disease,255
6,60-69 years,Female (F),C19_Kidney.Disease,116
6,60-69 years,Female (F),C19_Major.Cardio.Disease,504
6,60-69 years,Female (F),C19_Obesity,99
6,60-69 years,Female (F),COVID19,1115
6,60-69 years,Female (F),Diabetes.mc,2281
6,60-69 years,Female (F),Diabetes.uc,680
6,60-69 years,Male (M),C19_Chronic.Liver.Disease_Cirrhosis,35
6,60-69 years,Male (M),C19_Chronic.Lower.Resp.Disease,151
6,60-69 years,Male (M),C19_Diabetes,442
6,60-69 years,Male (M),C19_Hypertensive_MCVD,937
6,60-69 years,Male (M),C19_Hypertensive.Disease,436
6,60-69 years,Male (M),C19_Kidney.Disease,243
6,60-69 years,Male (M),C19_Major.Cardio.Disease,937
6,60-69 years,Male (M),C19_Obesity,72
6,60-69 years,Male (M),COVID19,1907
6,60-69 years,Male (M),Diabetes.mc,3597
6,60-69 years,Male (M),Diabetes.uc,1076
6,70-79 years,Female (F),C19_Chronic.Liver.Disease_Cirrhosis,13
6,70-79 years,Female (F),C19_Chronic.Lower.Resp.Disease,202
6,70-79 years,Female (F),C19_Diabetes,352
6,70-79 years,Female (F),C19_Hypertensive_MCVD,890
6,70-79 years,Female (F),C19_Hypertensive.Disease,424
6,70-79 years,Female (F),C19_Kidney.Disease,171
6,70-79 years,Female (F),C19_Major.Cardio.Disease,890
6,70-79 years,Female (F),C19_Obesity,77
6,70-79 years,Female (F),COVID19,1801
6,70-79 years,Female (F),Diabetes.mc,3309
6,70-79 years,Female (F),Diabetes.uc,915
6,70-79 years,Male (M),C19_Chronic.Liver.Disease_Cirrhosis,28
6,70-79 years,Male (M),C19_Chronic.Lower.Resp.Disease,219
6,70-79 years,Male (M),C19_Diabetes,485
6,70-79 years,Male (M),C19_Hypertensive_MCVD,1154
6,70-79 years,Male (M),C19_Hypertensive.Disease,542
6,70-79 years,Male (M),C19_Kidney.Disease,256
6,70-79 years,Male (M),C19_Major.Cardio.Disease,1154
6,70-79 years,Male (M),C19_Obesity,60
6,70-79 years,Male (M),COVID19,2377
6,70-79 years,Male (M),Diabetes.mc,4519
6,70-79 years,Male (M),Diabetes.uc,1167
6,80+ years,Female (F),C19_Chronic.Liver.Disease_Cirrhosis,10
6,80+ years,Female (F),C19_Chronic.Lower.Resp.Disease,392
6,80+ years,Female (F),C19_Diabetes,527
6,80+ years,Female (F),C19_Hypertensive_MCVD,2324
6,80+ years,Female (F),C19_Hypertensive.Disease,1156
6,80+ years,Female (F),C19_Kidney.Disease,307
6,80+ years,Female (F),C19_Major.Cardio.Disease,2324
6,80+ years,Female (F),C19_Obesity,33
6,80+ years,Female (F),COVID19,4568
6,80+ years,Female (F),Diabetes.mc,5374
6,80+ years,Female (F),Diabetes.uc,1275
6,80+ years,Male (M),C19_Chronic.Liver.Disease_Cirrhosis,10
6,80+ years,Male (M),C19_Chronic.Lower.Resp.Disease,302
6,80+ years,Male (M),C19_Diabetes,441
6,80+ years,Male (M),C19_Hypertensive_MCVD,1645
6,80+ years,Male (M),C19_Hypertensive.Disease,731
6,80+ years,Male (M),C19_Kidney.Disease,298
6,80+ years,Male (M),C19_Major.Cardio.Disease,1645
6,80+ years,Male (M),C19_Obesity,18
6,80+ years,Male (M),COVID19,3163
6,80+ years,Male (M),Diabetes.mc,4740
6,80+ years,Male (M),Diabetes.uc,1135
7,<18 years,Female (F),C19_Chronic.Liver.Disease_Cirrhosis,0
7,<18 years,Female (F),C19_Chronic.Lower.Resp.Disease,1
7,<18 years,Female (F),C19_Diabetes,0
7,<18 years,Female (F),C19_Hypertensive_MCVD,1
7,<18 years,Female (F),C19_Hypertensive.Disease,0
7,<18 years,Female (F),C19_Kidney.Disease,0
7,<18 years,Female (F),C19_Major.Cardio.Disease,1
7,<18 years,Female (F),C19_Obesity,1
7,<18 years,Female (F),COVID19,9
7,<18 years,Female (F),Diabetes.mc,6
7,<18 years,Female (F),Diabetes.uc,5
7,<18 years,Male (M),C19_Chronic.Liver.Disease_Cirrhosis,0
7,<18 years,Male (M),C19_Chronic.Lower.Resp.Disease,0
7,<18 years,Male (M),C19_Diabetes,0
7,<18 years,Male (M),C19_Hypertensive_MCVD,3
7,<18 years,Male (M),C19_Hypertensive.Disease,0
7,<18 years,Male (M),C19_Kidney.Disease,0
7,<18 years,Male (M),C19_Major.Cardio.Disease,3
7,<18 years,Male (M),C19_Obesity,2
7,<18 years,Male (M),COVID19,16
7,<18 years,Male (M),Diabetes.mc,4
7,<18 years,Male (M),Diabetes.uc,4
7,18-29 years,Female (F),C19_Chronic.Liver.Disease_Cirrhosis,0
7,18-29 years,Female (F),C19_Chronic.Lower.Resp.Disease,5
7,18-29 years,Female (F),C19_Diabetes,10
7,18-29 years,Female (F),C19_Hypertensive_MCVD,18
7,18-29 years,Female (F),C19_Hypertensive.Disease,3
7,18-29 years,Female (F),C19_Kidney.Disease,8
7,18-29 years,Female (F),C19_Major.Cardio.Disease,18
7,18-29 years,Female (F),C19_Obesity,21
7,18-29 years,Female (F),COVID19,83
7,18-29 years,Female (F),Diabetes.mc,43
7,18-29 years,Female (F),Diabetes.uc,19
7,18-29 years,Male (M),C19_Chronic.Liver.Disease_Cirrhosis,2
7,18-29 years,Male (M),C19_Chronic.Lower.Resp.Disease,8
7,18-29 years,Male (M),C19_Diabetes,23
7,18-29 years,Male (M),C19_Hypertensive_MCVD,42
7,18-29 years,Male (M),C19_Hypertensive.Disease,12
7,18-29 years,Male (M),C19_Kidney.Disease,9
7,18-29 years,Male (M),C19_Major.Cardio.Disease,42
7,18-29 years,Male (M),C19_Obesity,48
7,18-29 years,Male (M),COVID19,137
7,18-29 years,Male (M),Diabetes.mc,76
7,18-29 years,Male (M),Diabetes.uc,34
7,30-39 years,Female (F),C19_Chronic.Liver.Disease_Cirrhosis,5
7,30-39 years,Female (F),C19_Chronic.Lower.Resp.Disease,14
7,30-39 years,Female (F),C19_Diabetes,48
7,30-39 years,Female (F),C19_Hypertensive_MCVD,70
7,30-39 years,Female (F),C19_Hypertensive.Disease,33
7,30-39 years,Female (F),C19_Kidney.Disease,14
7,30-39 years,Female (F),C19_Major.Cardio.Disease,70
7,30-39 years,Female (F),C19_Obesity,58
7,30-39 years,Female (F),COVID19,183
7,30-39 years,Female (F),Diabetes.mc,161
7,30-39 years,Female (F),Diabetes.uc,60
7,30-39 years,Male (M),C19_Chronic.Liver.Disease_Cirrhosis,13
7,30-39 years,Male (M),C19_Chronic.Lower.Resp.Disease,13
7,30-39 years,Male (M),C19_Diabetes,42
7,30-39 years,Male (M),C19_Hypertensive_MCVD,120
7,30-39 years,Male (M),C19_Hypertensive.Disease,34
7,30-39 years,Male (M),C19_Kidney.Disease,40
7,30-39 years,Male (M),C19_Major.Cardio.Disease,120
7,30-39 years,Male (M),C19_Obesity,97
7,30-39 years,Male (M),COVID19,358
7,30-39 years,Male (M),Diabetes.mc,226
7,30-39 years,Male (M),Diabetes.uc,101
7,40-49 years,Female (F),C19_Chronic.Liver.Disease_Cirrhosis,7
7,40-49 years,Female (F),C19_Chronic.Lower.Resp.Disease,27
7,40-49 years,Female (F),C19_Diabetes,126
7,40-49 years,Female (F),C19_Hypertensive_MCVD,179
7,40-49 years,Female (F),C19_Hypertensive.Disease,91
7,40-49 years,Female (F),C19_Kidney.Disease,43
7,40-49 years,Female (F),C19_Major.Cardio.Disease,179
7,40-49 years,Female (F),C19_Obesity,119
7,40-49 years,Female (F),COVID19,437
7,40-49 years,Female (F),Diabetes.mc,485
7,40-49 years,Female (F),Diabetes.uc,150
7,40-49 years,Male (M),C19_Chronic.Liver.Disease_Cirrhosis,30
7,40-49 years,Male (M),C19_Chronic.Lower.Resp.Disease,25
7,40-49 years,Male (M),C19_Diabetes,186
7,40-49 years,Male (M),C19_Hypertensive_MCVD,353
7,40-49 years,Male (M),C19_Hypertensive.Disease,179
7,40-49 years,Male (M),C19_Kidney.Disease,92
7,40-49 years,Male (M),C19_Major.Cardio.Disease,353
7,40-49 years,Male (M),C19_Obesity,175
7,40-49 years,Male (M),COVID19,867
7,40-49 years,Male (M),Diabetes.mc,779
7,40-49 years,Male (M),Diabetes.uc,258
7,50-59 years,Female (F),C19_Chronic.Liver.Disease_Cirrhosis,27
7,50-59 years,Female (F),C19_Chronic.Lower.Resp.Disease,78
7,50-59 years,Female (F),C19_Diabetes,277
7,50-59 years,Female (F),C19_Hypertensive_MCVD,489
7,50-59 years,Female (F),C19_Hypertensive.Disease,236
7,50-59 years,Female (F),C19_Kidney.Disease,117
7,50-59 years,Female (F),C19_Major.Cardio.Disease,489
7,50-59 years,Female (F),C19_Obesity,169
7,50-59 years,Female (F),COVID19,1059
7,50-59 years,Female (F),Diabetes.mc,1277
7,50-59 years,Female (F),Diabetes.uc,376
7,50-59 years,Male (M),C19_Chronic.Liver.Disease_Cirrhosis,47
7,50-59 years,Male (M),C19_Chronic.Lower.Resp.Disease,82
7,50-59 years,Male (M),C19_Diabetes,504
7,50-59 years,Male (M),C19_Hypertensive_MCVD,900
7,50-59 years,Male (M),C19_Hypertensive.Disease,471
7,50-59 years,Male (M),C19_Kidney.Disease,204
7,50-59 years,Male (M),C19_Major.Cardio.Disease,900
7,50-59 years,Male (M),C19_Obesity,250
7,50-59 years,Male (M),COVID19,1974
7,50-59 years,Male (M),Diabetes.mc,2185
7,50-59 years,Male (M),Diabetes.uc,658
7,60-69 years,Female (F),C19_Chronic.Liver.Disease_Cirrhosis,54
7,60-69 years,Female (F),C19_Chronic.Lower.Resp.Disease,220
7,60-69 years,Female (F),C19_Diabetes,612
7,60-69 years,Female (F),C19_Hypertensive_MCVD,1002
7,60-69 years,Female (F),C19_Hypertensive.Disease,556
7,60-69 years,Female (F),C19_Kidney.Disease,237
7,60-69 years,Female (F),C19_Major.Cardio.Disease,1002
7,60-69 years,Female (F),C19_Obesity,222
7,60-69 years,Female (F),COVID19,2190
7,60-69 years,Female (F),Diabetes.mc,2752
7,60-69 years,Female (F),Diabetes.uc,799
7,60-69 years,Male (M),C19_Chronic.Liver.Disease_Cirrhosis,86
7,60-69 years,Male (M),C19_Chronic.Lower.Resp.Disease,267
7,60-69 years,Male (M),C19_Diabetes,895
7,60-69 years,Male (M),C19_Hypertensive_MCVD,1798
7,60-69 years,Male (M),C19_Hypertensive.Disease,940
7,60-69 years,Male (M),C19_Kidney.Disease,450
7,60-69 years,Male (M),C19_Major.Cardio.Disease,1798
7,60-69 years,Male (M),C19_Obesity,243
7,60-69 years,Male (M),COVID19,3570
7,60-69 years,Male (M),Diabetes.mc,4428
7,60-69 years,Male (M),Diabetes.uc,1265
7,70-79 years,Female (F),C19_Chronic.Liver.Disease_Cirrhosis,40
7,70-79 years,Female (F),C19_Chronic.Lower.Resp.Disease,400
7,70-79 years,Female (F),C19_Diabetes,722
7,70-79 years,Female (F),C19_Hypertensive_MCVD,1594
7,70-79 years,Female (F),C19_Hypertensive.Disease,843
7,70-79 years,Female (F),C19_Kidney.Disease,308
7,70-79 years,Female (F),C19_Major.Cardio.Disease,1594
7,70-79 years,Female (F),C19_Obesity,186
7,70-79 years,Female (F),COVID19,3114
7,70-79 years,Female (F),Diabetes.mc,3889
7,70-79 years,Female (F),Diabetes.uc,1012
7,70-79 years,Male (M),C19_Chronic.Liver.Disease_Cirrhosis,53
7,70-79 years,Male (M),C19_Chronic.Lower.Resp.Disease,481
7,70-79 years,Male (M),C19_Diabetes,1080
7,70-79 years,Male (M),C19_Hypertensive_MCVD,2359
7,70-79 years,Male (M),C19_Hypertensive.Disease,1235
7,70-79 years,Male (M),C19_Kidney.Disease,504
7,70-79 years,Male (M),C19_Major.Cardio.Disease,2359
7,70-79 years,Male (M),C19_Obesity,152
7,70-79 years,Male (M),COVID19,4581
7,70-79 years,Male (M),Diabetes.mc,5654
7,70-79 years,Male (M),Diabetes.uc,1401
7,80+ years,Female (F),C19_Chronic.Liver.Disease_Cirrhosis,20
7,80+ years,Female (F),C19_Chronic.Lower.Resp.Disease,661
7,80+ years,Female (F),C19_Diabetes,895
7,80+ years,Female (F),C19_Hypertensive_MCVD,3324
7,80+ years,Female (F),C19_Hypertensive.Disease,1825
7,80+ years,Female (F),C19_Kidney.Disease,413
7,80+ years,Female (F),C19_Major.Cardio.Disease,3324
7,80+ years,Female (F),C19_Obesity,93
7,80+ years,Female (F),COVID19,6410
7,80+ years,Female (F),Diabetes.mc,5955
7,80+ years,Female (F),Diabetes.uc,1374
7,80+ years,Male (M),C19_Chronic.Liver.Disease_Cirrhosis,14
7,80+ years,Male (M),C19_Chronic.Lower.Resp.Disease,654
7,80+ years,Male (M),C19_Diabetes,969
7,80+ years,Male (M),C19_Hypertensive_MCVD,3087
7,80+ years,Male (M),C19_Hypertensive.Disease,1590
7,80+ years,Male (M),C19_Kidney.Disease,496
7,80+ years,Male (M),C19_Major.Cardio.Disease,3087
7,80+ years,Male (M),C19_Obesity,50
7,80+ years,Male (M),COVID19,5675
7,80+ years,Male (M),Diabetes.mc,5445
7,80+ years,Male (M),Diabetes.uc,1236
8,<18 years,Female (F),C19_Chronic.Liver.Disease_Cirrhosis,0
8,<18 years,Female (F),C19_Chronic.Lower.Resp.Disease,0
8,<18 years,Female (F),C19_Diabetes,1
8,<18 years,Female (F),C19_Hypertensive_MCVD,4
8,<18 years,Female (F),C19_Hypertensive.Disease,0
8,<18 years,Female (F),C19_Kidney.Disease,1
8,<18 years,Female (F),C19_Major.Cardio.Disease,4
8,<18 years,Female (F),C19_Obesity,1
8,<18 years,Female (F),COVID19,8
8,<18 years,Female (F),Diabetes.mc,3
8,<18 years,Female (F),Diabetes.uc,2
8,<18 years,Male (M),C19_Chronic.Liver.Disease_Cirrhosis,0
8,<18 years,Male (M),C19_Chronic.Lower.Resp.Disease,1
8,<18 years,Male (M),C19_Diabetes,1
8,<18 years,Male (M),C19_Hypertensive_MCVD,3
8,<18 years,Male (M),C19_Hypertensive.Disease,0
8,<18 years,Male (M),C19_Kidney.Disease,0
8,<18 years,Male (M),C19_Major.Cardio.Disease,3
8,<18 years,Male (M),C19_Obesity,0
8,<18 years,Male (M),COVID19,6
8,<18 years,Male (M),Diabetes.mc,6
8,<18 years,Male (M),Diabetes.uc,4
8,18-29 years,Female (F),C19_Chronic.Liver.Disease_Cirrhosis,1
8,18-29 years,Female (F),C19_Chronic.Lower.Resp.Disease,4
8,18-29 years,Female (F),C19_Diabetes,8
8,18-29 years,Female (F),C19_Hypertensive_MCVD,15
8,18-29 years,Female (F),C19_Hypertensive.Disease,3
8,18-29 years,Female (F),C19_Kidney.Disease,5
8,18-29 years,Female (F),C19_Major.Cardio.Disease,15
8,18-29 years,Female (F),C19_Obesity,9
8,18-29 years,Female (F),COVID19,48
8,18-29 years,Female (F),Diabetes.mc,35
8,18-29 years,Female (F),Diabetes.uc,19
8,18-29 years,Male (M),C19_Chronic.Liver.Disease_Cirrhosis,2
8,18-29 years,Male (M),C19_Chronic.Lower.Resp.Disease,5
8,18-29 years,Male (M),C19_Diabetes,10
8,18-29 years,Male (M),C19_Hypertensive_MCVD,24
8,18-29 years,Male (M),C19_Hypertensive.Disease,10
8,18-29 years,Male (M),C19_Kidney.Disease,13
8,18-29 years,Male (M),C19_Major.Cardio.Disease,24
8,18-29 years,Male (M),C19_Obesity,21
8,18-29 years,Male (M),COVID19,80
8,18-29 years,Male (M),Diabetes.mc,42
8,18-29 years,Male (M),Diabetes.uc,21
8,30-39 years,Female (F),C19_Chronic.Liver.Disease_Cirrhosis,8
8,30-39 years,Female (F),C19_Chronic.Lower.Resp.Disease,11
8,30-39 years,Female (F),C19_Diabetes,17
8,30-39 years,Female (F),C19_Hypertensive_MCVD,43
8,30-39 years,Female (F),C19_Hypertensive.Disease,15
8,30-39 years,Female (F),C19_Kidney.Disease,13
8,30-39 years,Female (F),C19_Major.Cardio.Disease,43
8,30-39 years,Female (F),C19_Obesity,20
8,30-39 years,Female (F),COVID19,135
8,30-39 years,Female (F),Diabetes.mc,105
8,30-39 years,Female (F),Diabetes.uc,58
8,30-39 years,Male (M),C19_Chronic.Liver.Disease_Cirrhosis,7
8,30-39 years,Male (M),C19_Chronic.Lower.Resp.Disease,7
8,30-39 years,Male (M),C19_Diabetes,35
8,30-39 years,Male (M),C19_Hypertensive_MCVD,86
8,30-39 years,Male (M),C19_Hypertensive.Disease,25
8,30-39 years,Male (M),C19_Kidney.Disease,26
8,30-39 years,Male (M),C19_Major.Cardio.Disease,86
8,30-39 years,Male (M),C19_Obesity,48
8,30-39 years,Male (M),COVID19,222
8,30-39 years,Male (M),Diabetes.mc,198
8,30-39 years,Male (M),Diabetes.uc,78
8,40-49 years,Female (F),C19_Chronic.Liver.Disease_Cirrhosis,6
8,40-49 years,Female (F),C19_Chronic.Lower.Resp.Disease,25
8,40-49 years,Female (F),C19_Diabetes,85
8,40-49 years,Female (F),C19_Hypertensive_MCVD,119
8,40-49 years,Female (F),C19_Hypertensive.Disease,50
8,40-49 years,Female (F),C19_Kidney.Disease,46
8,40-49 years,Female (F),C19_Major.Cardio.Disease,119
8,40-49 years,Female (F),C19_Obesity,62
8,40-49 years,Female (F),COVID19,370
8,40-49 years,Female (F),Diabetes.mc,386
8,40-49 years,Female (F),Diabetes.uc,133
8,40-49 years,Male (M),C19_Chronic.Liver.Disease_Cirrhosis,20
8,40-49 years,Male (M),C19_Chronic.Lower.Resp.Disease,19
8,40-49 years,Male (M),C19_Diabetes,158
8,40-49 years,Male (M),C19_Hypertensive_MCVD,254
8,40-49 years,Male (M),C19_Hypertensive.Disease,106
8,40-49 years,Male (M),C19_Kidney.Disease,77
8,40-49 years,Male (M),C19_Major.Cardio.Disease,254
8,40-49 years,Male (M),C19_Obesity,119
8,40-49 years,Male (M),COVID19,695
8,40-49 years,Male (M),Diabetes.mc,668
8,40-49 years,Male (M),Diabetes.uc,226
8,50-59 years,Female (F),C19_Chronic.Liver.Disease_Cirrhosis,25
8,50-59 years,Female (F),C19_Chronic.Lower.Resp.Disease,64
8,50-59 years,Female (F),C19_Diabetes,221
8,50-59 years,Female (F),C19_Hypertensive_MCVD,404
8,50-59 years,Female (F),C19_Hypertensive.Disease,189
8,50-59 years,Female (F),C19_Kidney.Disease,115
8,50-59 years,Female (F),C19_Major.Cardio.Disease,404
8,50-59 years,Female (F),C19_Obesity,142
8,50-59 years,Female (F),COVID19,952
8,50-59 years,Female (F),Diabetes.mc,1134
8,50-59 years,Female (F),Diabetes.uc,329
8,50-59 years,Male (M),C19_Chronic.Liver.Disease_Cirrhosis,39
8,50-59 years,Male (M),C19_Chronic.Lower.Resp.Disease,63
8,50-59 years,Male (M),C19_Diabetes,353
8,50-59 years,Male (M),C19_Hypertensive_MCVD,704
8,50-59 years,Male (M),C19_Hypertensive.Disease,327
8,50-59 years,Male (M),C19_Kidney.Disease,231
8,50-59 years,Male (M),C19_Major.Cardio.Disease,704
8,50-59 years,Male (M),C19_Obesity,144
8,50-59 years,Male (M),COVID19,1649
8,50-59 years,Male (M),Diabetes.mc,1937
8,50-59 years,Male (M),Diabetes.uc,588
8,60-69 years,Female (F),C19_Chronic.Liver.Disease_Cirrhosis,31
8,60-69 years,Female (F),C19_Chronic.Lower.Resp.Disease,221
8,60-69 years,Female (F),C19_Diabetes,478
8,60-69 years,Female (F),C19_Hypertensive_MCVD,938
8,60-69 years,Female (F),C19_Hypertensive.Disease,437
8,60-69 years,Female (F),C19_Kidney.Disease,276
8,60-69 years,Female (F),C19_Major.Cardio.Disease,938
8,60-69 years,Female (F),C19_Obesity,209
8,60-69 years,Female (F),COVID19,2116
8,60-69 years,Female (F),Diabetes.mc,2538
8,60-69 years,Female (F),Diabetes.uc,709
8,60-69 years,Male (M),C19_Chronic.Liver.Disease_Cirrhosis,63
8,60-69 years,Male (M),C19_Chronic.Lower.Resp.Disease,259
8,60-69 years,Male (M),C19_Diabetes,752
8,60-69 years,Male (M),C19_Hypertensive_MCVD,1546
8,60-69 years,Male (M),C19_Hypertensive.Disease,690
8,60-69 years,Male (M),C19_Kidney.Disease,451
8,60-69 years,Male (M),C19_Major.Cardio.Disease,1546
8,60-69 years,Male (M),C19_Obesity,198
8,60-69 years,Male (M),COVID19,3304
8,60-69 years,Male (M),Diabetes.mc,3935
8,60-69 years,Male (M),Diabetes.uc,1088
8,70-79 years,Female (F),C19_Chronic.Liver.Disease_Cirrhosis,27
8,70-79 years,Female (F),C19_Chronic.Lower.Resp.Disease,343
8,70-79 years,Female (F),C19_Diabetes,679
8,70-79 years,Female (F),C19_Hypertensive_MCVD,1441
8,70-79 years,Female (F),C19_Hypertensive.Disease,702
8,70-79 years,Female (F),C19_Kidney.Disease,302
8,70-79 years,Female (F),C19_Major.Cardio.Disease,1441
8,70-79 years,Female (F),C19_Obesity,156
8,70-79 years,Female (F),COVID19,3087
8,70-79 years,Female (F),Diabetes.mc,3793
8,70-79 years,Female (F),Diabetes.uc,933
8,70-79 years,Male (M),C19_Chronic.Liver.Disease_Cirrhosis,49
8,70-79 years,Male (M),C19_Chronic.Lower.Resp.Disease,490
8,70-79 years,Male (M),C19_Diabetes,956
8,70-79 years,Male (M),C19_Hypertensive_MCVD,2229
8,70-79 years,Male (M),C19_Hypertensive.Disease,1052
8,70-79 years,Male (M),C19_Kidney.Disease,545
8,70-79 years,Male (M),C19_Major.Cardio.Disease,2229
8,70-79 years,Male (M),C19_Obesity,162
8,70-79 years,Male (M),COVID19,4427
8,70-79 years,Male (M),Diabetes.mc,5218
8,70-79 years,Male (M),Diabetes.uc,1250
8,80+ years,Female (F),C19_Chronic.Liver.Disease_Cirrhosis,15
8,80+ years,Female (F),C19_Chronic.Lower.Resp.Disease,575
8,80+ years,Female (F),C19_Diabetes,820
8,80+ years,Female (F),C19_Hypertensive_MCVD,3166
8,80+ years,Female (F),C19_Hypertensive.Disease,1519
8,80+ years,Female (F),C19_Kidney.Disease,424
8,80+ years,Female (F),C19_Major.Cardio.Disease,3166
8,80+ years,Female (F),C19_Obesity,76
8,80+ years,Female (F),COVID19,6384
8,80+ years,Female (F),Diabetes.mc,5815
8,80+ years,Female (F),Diabetes.uc,1397
8,80+ years,Male (M),C19_Chronic.Liver.Disease_Cirrhosis,14
8,80+ years,Male (M),C19_Chronic.Lower.Resp.Disease,542
8,80+ years,Male (M),C19_Diabetes,840
8,80+ years,Male (M),C19_Hypertensive_MCVD,2831
8,80+ years,Male (M),C19_Hypertensive.Disease,1273
8,80+ years,Male (M),C19_Kidney.Disease,532
8,80+ years,Male (M),C19_Major.Cardio.Disease,2831
8,80+ years,Male (M),C19_Obesity,35
8,80+ years,Male (M),COVID19,5426
8,80+ years,Male (M),Diabetes.mc,5433
8,80+ years,Male (M),Diabetes.uc,1249
9,<18 years,Female (F),C19_Chronic.Liver.Disease_Cirrhosis,0
9,<18 years,Female (F),C19_Chronic.Lower.Resp.Disease,0
9,<18 years,Female (F),C19_Diabetes,1
9,<18 years,Female (F),C19_Hypertensive_MCVD,1
9,<18 years,Female (F),C19_Hypertensive.Disease,0
9,<18 years,Female (F),C19_Kidney.Disease,0
9,<18 years,Female (F),C19_Major.Cardio.Disease,1
9,<18 years,Female (F),C19_Obesity,2
9,<18 years,Female (F),COVID19,2
9,<18 years,Female (F),Diabetes.mc,6
9,<18 years,Female (F),Diabetes.uc,4
9,<18 years,Male (M),C19_Chronic.Liver.Disease_Cirrhosis,0
9,<18 years,Male (M),C19_Chronic.Lower.Resp.Disease,0
9,<18 years,Male (M),C19_Diabetes,0
9,<18 years,Male (M),C19_Hypertensive_MCVD,0
9,<18 years,Male (M),C19_Hypertensive.Disease,0
9,<18 years,Male (M),C19_Kidney.Disease,0
9,<18 years,Male (M),C19_Major.Cardio.Disease,0
9,<18 years,Male (M),C19_Obesity,0
9,<18 years,Male (M),COVID19,4
9,<18 years,Male (M),Diabetes.mc,1
9,<18 years,Male (M),Diabetes.uc,0
9,18-29 years,Female (F),C19_Chronic.Liver.Disease_Cirrhosis,0
9,18-29 years,Female (F),C19_Chronic.Lower.Resp.Disease,2
9,18-29 years,Female (F),C19_Diabetes,5
9,18-29 years,Female (F),C19_Hypertensive_MCVD,13
9,18-29 years,Female (F),C19_Hypertensive.Disease,0
9,18-29 years,Female (F),C19_Kidney.Disease,1
9,18-29 years,Female (F),C19_Major.Cardio.Disease,13
9,18-29 years,Female (F),C19_Obesity,6
9,18-29 years,Female (F),COVID19,31
9,18-29 years,Female (F),Diabetes.mc,24
9,18-29 years,Female (F),Diabetes.uc,8
9,18-29 years,Male (M),C19_Chronic.Liver.Disease_Cirrhosis,0
9,18-29 years,Male (M),C19_Chronic.Lower.Resp.Disease,0
9,18-29 years,Male (M),C19_Diabetes,6
9,18-29 years,Male (M),C19_Hypertensive_MCVD,19
9,18-29 years,Male (M),C19_Hypertensive.Disease,5
9,18-29 years,Male (M),C19_Kidney.Disease,2
9,18-29 years,Male (M),C19_Major.Cardio.Disease,19
9,18-29 years,Male (M),C19_Obesity,10
9,18-29 years,Male (M),COVID19,41
9,18-29 years,Male (M),Diabetes.mc,24
9,18-29 years,Male (M),Diabetes.uc,12
9,30-39 years,Female (F),C19_Chronic.Liver.Disease_Cirrhosis,3
9,30-39 years,Female (F),C19_Chronic.Lower.Resp.Disease,3
9,30-39 years,Female (F),C19_Diabetes,9
9,30-39 years,Female (F),C19_Hypertensive_MCVD,25
9,30-39 years,Female (F),C19_Hypertensive.Disease,7
9,30-39 years,Female (F),C19_Kidney.Disease,13
9,30-39 years,Female (F),C19_Major.Cardio.Disease,25
9,30-39 years,Female (F),C19_Obesity,16
9,30-39 years,Female (F),COVID19,74
9,30-39 years,Female (F),Diabetes.mc,67
9,30-39 years,Female (F),Diabetes.uc,33
9,30-39 years,Male (M),C19_Chronic.Liver.Disease_Cirrhosis,4
9,30-39 years,Male (M),C19_Chronic.Lower.Resp.Disease,2
9,30-39 years,Male (M),C19_Diabetes,14
9,30-39 years,Male (M),C19_Hypertensive_MCVD,40
9,30-39 years,Male (M),C19_Hypertensive.Disease,4
9,30-39 years,Male (M),C19_Kidney.Disease,17
9,30-39 years,Male (M),C19_Major.Cardio.Disease,40
9,30-39 years,Male (M),C19_Obesity,15
9,30-39 years,Male (M),COVID19,116
9,30-39 years,Male (M),Diabetes.mc,107
9,30-39 years,Male (M),Diabetes.uc,46
9,40-49 years,Female (F),C19_Chronic.Liver.Disease_Cirrhosis,7
9,40-49 years,Female (F),C19_Chronic.Lower.Resp.Disease,10
9,40-49 years,Female (F),C19_Diabetes,48
9,40-49 years,Female (F),C19_Hypertensive_MCVD,68
9,40-49 years,Female (F),C19_Hypertensive.Disease,17
9,40-49 years,Female (F),C19_Kidney.Disease,20
9,40-49 years,Female (F),C19_Major.Cardio.Disease,68
9,40-49 years,Female (F),C19_Obesity,40
9,40-49 years,Female (F),COVID19,187
9,40-49 years,Female (F),Diabetes.mc,291
9,40-49 years,Female (F),Diabetes.uc,118
9,40-49 years,Male (M),C19_Chronic.Liver.Disease_Cirrhosis,9
9,40-49 years,Male (M),C19_Chronic.Lower.Resp.Disease,5
9,40-49 years,Male (M),C19_Diabetes,54
9,40-49 years,Male (M),C19_Hypertensive_MCVD,125
9,40-49 years,Male (M),C19_Hypertensive.Disease,40
9,40-49 years,Male (M),C19_Kidney.Disease,31
9,40-49 years,Male (M),C19_Major.Cardio.Disease,125
9,40-49 years,Male (M),C19_Obesity,39
9,40-49 years,Male (M),COVID19,324
9,40-49 years,Male (M),Diabetes.mc,463
9,40-49 years,Male (M),Diabetes.uc,175
9,50-59 years,Female (F),C19_Chronic.Liver.Disease_Cirrhosis,13
9,50-59 years,Female (F),C19_Chronic.Lower.Resp.Disease,29
9,50-59 years,Female (F),C19_Diabetes,110
9,50-59 years,Female (F),C19_Hypertensive_MCVD,187
9,50-59 years,Female (F),C19_Hypertensive.Disease,78
9,50-59 years,Female (F),C19_Kidney.Disease,67
9,50-59 years,Female (F),C19_Major.Cardio.Disease,187
9,50-59 years,Female (F),C19_Obesity,73
9,50-59 years,Female (F),COVID19,474
9,50-59 years,Female (F),Diabetes.mc,897
9,50-59 years,Female (F),Diabetes.uc,291
9,50-59 years,Male (M),C19_Chronic.Liver.Disease_Cirrhosis,26
9,50-59 years,Male (M),C19_Chronic.Lower.Resp.Disease,36
9,50-59 years,Male (M),C19_Diabetes,171
9,50-59 years,Male (M),C19_Hypertensive_MCVD,341
9,50-59 years,Male (M),C19_Hypertensive.Disease,137
9,50-59 years,Male (M),C19_Kidney.Disease,100
9,50-59 years,Male (M),C19_Major.Cardio.Disease,341
9,50-59 years,Male (M),C19_Obesity,62
9,50-59 years,Male (M),COVID19,841
9,50-59 years,Male (M),Diabetes.mc,1427
9,50-59 years,Male (M),Diabetes.uc,492
9,60-69 years,Female (F),C19_Chronic.Liver.Disease_Cirrhosis,20
9,60-69 years,Female (F),C19_Chronic.Lower.Resp.Disease,113
9,60-69 years,Female (F),C19_Diabetes,238
9,60-69 years,Female (F),C19_Hypertensive_MCVD,486
9,60-69 years,Female (F),C19_Hypertensive.Disease,210
9,60-69 years,Female (F),C19_Kidney.Disease,138
9,60-69 years,Female (F),C19_Major.Cardio.Disease,486
9,60-69 years,Female (F),C19_Obesity,107
9,60-69 years,Female (F),COVID19,1123
9,60-69 years,Female (F),Diabetes.mc,2005
9,60-69 years,Female (F),Diabetes.uc,603
9,60-69 years,Male (M),C19_Chronic.Liver.Disease_Cirrhosis,30
9,60-69 years,Male (M),C19_Chronic.Lower.Resp.Disease,154
9,60-69 years,Male (M),C19_Diabetes,354
9,60-69 years,Male (M),C19_Hypertensive_MCVD,731
9,60-69 years,Male (M),C19_Hypertensive.Disease,294
9,60-69 years,Male (M),C19_Kidney.Disease,220
9,60-69 years,Male (M),C19_Major.Cardio.Disease,731
9,60-69 years,Male (M),C19_Obesity,101
9,60-69 years,Male (M),COVID19,1732
9,60-69 years,Male (M),Diabetes.mc,3093
9,60-69 years,Male (M),Diabetes.uc,882
9,70-79 years,Female (F),C19_Chronic.Liver.Disease_Cirrhosis,10
9,70-79 years,Female (F),C19_Chronic.Lower.Resp.Disease,196
9,70-79 years,Female (F),C19_Diabetes,311
9,70-79 years,Female (F),C19_Hypertensive_MCVD,796
9,70-79 years,Female (F),C19_Hypertensive.Disease,333
9,70-79 years,Female (F),C19_Kidney.Disease,175
9,70-79 years,Female (F),C19_Major.Cardio.Disease,796
9,70-79 years,Female (F),C19_Obesity,82
9,70-79 years,Female (F),COVID19,1831
9,70-79 years,Female (F),Diabetes.mc,2991
9,70-79 years,Female (F),Diabetes.uc,852
9,70-79 years,Male (M),C19_Chronic.Liver.Disease_Cirrhosis,18
9,70-79 years,Male (M),C19_Chronic.Lower.Resp.Disease,252
9,70-79 years,Male (M),C19_Diabetes,478
9,70-79 years,Male (M),C19_Hypertensive_MCVD,1178
9,70-79 years,Male (M),C19_Hypertensive.Disease,438
9,70-79 years,Male (M),C19_Kidney.Disease,317
9,70-79 years,Male (M),C19_Major.Cardio.Disease,1178
9,70-79 years,Male (M),C19_Obesity,77
9,70-79 years,Male (M),COVID19,2534
9,70-79 years,Male (M),Diabetes.mc,4226
9,70-79 years,Male (M),Diabetes.uc,1093
9,80+ years,Female (F),C19_Chronic.Liver.Disease_Cirrhosis,7
9,80+ years,Female (F),C19_Chronic.Lower.Resp.Disease,318
9,80+ years,Female (F),C19_Diabetes,426
9,80+ years,Female (F),C19_Hypertensive_MCVD,1785
9,80+ years,Female (F),C19_Hypertensive.Disease,785
9,80+ years,Female (F),C19_Kidney.Disease,255
9,80+ years,Female (F),C19_Major.Cardio.Disease,1785
9,80+ years,Female (F),C19_Obesity,31
9,80+ years,Female (F),COVID19,3847
9,80+ years,Female (F),Diabetes.mc,4809
9,80+ years,Female (F),Diabetes.uc,1201
9,80+ years,Male (M),C19_Chronic.Liver.Disease_Cirrhosis,6
9,80+ years,Male (M),C19_Chronic.Lower.Resp.Disease,340
9,80+ years,Male (M),C19_Diabetes,394
9,80+ years,Male (M),C19_Hypertensive_MCVD,1590
9,80+ years,Male (M),C19_Hypertensive.Disease,580
9,80+ years,Male (M),C19_Kidney.Disease,331
9,80+ years,Male (M),C19_Major.Cardio.Disease,1590
9,80+ years,Male (M),C19_Obesity,16
9,80+ years,Male (M),COVID19,3277
9,80+ years,Male (M),Diabetes.mc,4387
9,80+ years,Male (M),Diabetes.uc,1053
